year,province,enterprise_legal_person_units,unit,data_scope,source,source_file,note
2016,上海市,432697,个,分省年度数据,国家统计局：企业法人单位数_分省年度数据.xlsx,data/raw/official_statistics/企业法人单位数_分省年度数据.xlsx,原表年份包括2016、2017、2019、2020、2021、2022、2024，缺少2018和2023；该指标为省级企业法人单位存量，不等同于招聘岗位数。
2016,云南省,343742,个,分省年度数据,国家统计局：企业法人单位数_分省年度数据.xlsx,data/raw/official_statistics/企业法人单位数_分省年度数据.xlsx,原表年份包括2016、2017、2019、2020、2021、2022、2024，缺少2018和2023；该指标为省级企业法人单位存量，不等同于招聘岗位数。
2016,内蒙古自治区,183081,个,分省年度数据,国家统计局：企业法人单位数_分省年度数据.xlsx,data/raw/official_statistics/企业法人单位数_分省年度数据.xlsx,原表年份包括2016、2017、2019、2020、2021、2022、2024，缺少2018和2023；该指标为省级企业法人单位存量，不等同于招聘岗位数。
2016,北京市,669663,个,分省年度数据,国家统计局：企业法人单位数_分省年度数据.xlsx,data/raw/official_statistics/企业法人单位数_分省年度数据.xlsx,原表年份包括2016、2017、2019、2020、2021、2022、2024，缺少2018和2023；该指标为省级企业法人单位存量，不等同于招聘岗位数。
2016,吉林省,132492,个,分省年度数据,国家统计局：企业法人单位数_分省年度数据.xlsx,data/raw/official_statistics/企业法人单位数_分省年度数据.xlsx,原表年份包括2016、2017、2019、2020、2021、2022、2024，缺少2018和2023；该指标为省级企业法人单位存量，不等同于招聘岗位数。
2016,四川省,327339,个,分省年度数据,国家统计局：企业法人单位数_分省年度数据.xlsx,data/raw/official_statistics/企业法人单位数_分省年度数据.xlsx,原表年份包括2016、2017、2019、2020、2021、2022、2024，缺少2018和2023；该指标为省级企业法人单位存量，不等同于招聘岗位数。
2016,天津市,362508,个,分省年度数据,国家统计局：企业法人单位数_分省年度数据.xlsx,data/raw/official_statistics/企业法人单位数_分省年度数据.xlsx,原表年份包括2016、2017、2019、2020、2021、2022、2024，缺少2018和2023；该指标为省级企业法人单位存量，不等同于招聘岗位数。
2016,宁夏回族自治区,56781,个,分省年度数据,国家统计局：企业法人单位数_分省年度数据.xlsx,data/raw/official_statistics/企业法人单位数_分省年度数据.xlsx,原表年份包括2016、2017、2019、2020、2021、2022、2024，缺少2018和2023；该指标为省级企业法人单位存量，不等同于招聘岗位数。
2016,安徽省,518794,个,分省年度数据,国家统计局：企业法人单位数_分省年度数据.xlsx,data/raw/official_statistics/企业法人单位数_分省年度数据.xlsx,原表年份包括2016、2017、2019、2020、2021、2022、2024，缺少2018和2023；该指标为省级企业法人单位存量，不等同于招聘岗位数。
2016,山东省,1344176,个,分省年度数据,国家统计局：企业法人单位数_分省年度数据.xlsx,data/raw/official_statistics/企业法人单位数_分省年度数据.xlsx,原表年份包括2016、2017、2019、2020、2021、2022、2024，缺少2018和2023；该指标为省级企业法人单位存量，不等同于招聘岗位数。
2016,山西省,336910,个,分省年度数据,国家统计局：企业法人单位数_分省年度数据.xlsx,data/raw/official_statistics/企业法人单位数_分省年度数据.xlsx,原表年份包括2016、2017、2019、2020、2021、2022、2024，缺少2018和2023；该指标为省级企业法人单位存量，不等同于招聘岗位数。
2016,广东省,1325287,个,分省年度数据,国家统计局：企业法人单位数_分省年度数据.xlsx,data/raw/official_statistics/企业法人单位数_分省年度数据.xlsx,原表年份包括2016、2017、2019、2020、2021、2022、2024，缺少2018和2023；该指标为省级企业法人单位存量，不等同于招聘岗位数。
2016,广西壮族自治区,351445,个,分省年度数据,国家统计局：企业法人单位数_分省年度数据.xlsx,data/raw/official_statistics/企业法人单位数_分省年度数据.xlsx,原表年份包括2016、2017、2019、2020、2021、2022、2024，缺少2018和2023；该指标为省级企业法人单位存量，不等同于招聘岗位数。
2016,新疆维吾尔自治区,151379,个,分省年度数据,国家统计局：企业法人单位数_分省年度数据.xlsx,data/raw/official_statistics/企业法人单位数_分省年度数据.xlsx,原表年份包括2016、2017、2019、2020、2021、2022、2024，缺少2018和2023；该指标为省级企业法人单位存量，不等同于招聘岗位数。
2016,江苏省,1717140,个,分省年度数据,国家统计局：企业法人单位数_分省年度数据.xlsx,data/raw/official_statistics/企业法人单位数_分省年度数据.xlsx,原表年份包括2016、2017、2019、2020、2021、2022、2024，缺少2018和2023；该指标为省级企业法人单位存量，不等同于招聘岗位数。
2016,江西省,344148,个,分省年度数据,国家统计局：企业法人单位数_分省年度数据.xlsx,data/raw/official_statistics/企业法人单位数_分省年度数据.xlsx,原表年份包括2016、2017、2019、2020、2021、2022、2024，缺少2018和2023；该指标为省级企业法人单位存量，不等同于招聘岗位数。
2016,河北省,611099,个,分省年度数据,国家统计局：企业法人单位数_分省年度数据.xlsx,data/raw/official_statistics/企业法人单位数_分省年度数据.xlsx,原表年份包括2016、2017、2019、2020、2021、2022、2024，缺少2018和2023；该指标为省级企业法人单位存量，不等同于招聘岗位数。
2016,河南省,580619,个,分省年度数据,国家统计局：企业法人单位数_分省年度数据.xlsx,data/raw/official_statistics/企业法人单位数_分省年度数据.xlsx,原表年份包括2016、2017、2019、2020、2021、2022、2024，缺少2018和2023；该指标为省级企业法人单位存量，不等同于招聘岗位数。
2016,浙江省,1307844,个,分省年度数据,国家统计局：企业法人单位数_分省年度数据.xlsx,data/raw/official_statistics/企业法人单位数_分省年度数据.xlsx,原表年份包括2016、2017、2019、2020、2021、2022、2024，缺少2018和2023；该指标为省级企业法人单位存量，不等同于招聘岗位数。
2016,海南省,63702,个,分省年度数据,国家统计局：企业法人单位数_分省年度数据.xlsx,data/raw/official_statistics/企业法人单位数_分省年度数据.xlsx,原表年份包括2016、2017、2019、2020、2021、2022、2024，缺少2018和2023；该指标为省级企业法人单位存量，不等同于招聘岗位数。
2016,湖北省,609683,个,分省年度数据,国家统计局：企业法人单位数_分省年度数据.xlsx,data/raw/official_statistics/企业法人单位数_分省年度数据.xlsx,原表年份包括2016、2017、2019、2020、2021、2022、2024，缺少2018和2023；该指标为省级企业法人单位存量，不等同于招聘岗位数。
2016,湖南省,392705,个,分省年度数据,国家统计局：企业法人单位数_分省年度数据.xlsx,data/raw/official_statistics/企业法人单位数_分省年度数据.xlsx,原表年份包括2016、2017、2019、2020、2021、2022、2024，缺少2018和2023；该指标为省级企业法人单位存量，不等同于招聘岗位数。
2016,甘肃省,125742,个,分省年度数据,国家统计局：企业法人单位数_分省年度数据.xlsx,data/raw/official_statistics/企业法人单位数_分省年度数据.xlsx,原表年份包括2016、2017、2019、2020、2021、2022、2024，缺少2018和2023；该指标为省级企业法人单位存量，不等同于招聘岗位数。
2016,福建省,636091,个,分省年度数据,国家统计局：企业法人单位数_分省年度数据.xlsx,data/raw/official_statistics/企业法人单位数_分省年度数据.xlsx,原表年份包括2016、2017、2019、2020、2021、2022、2024，缺少2018和2023；该指标为省级企业法人单位存量，不等同于招聘岗位数。
2016,西藏自治区,9593,个,分省年度数据,国家统计局：企业法人单位数_分省年度数据.xlsx,data/raw/official_statistics/企业法人单位数_分省年度数据.xlsx,原表年份包括2016、2017、2019、2020、2021、2022、2024，缺少2018和2023；该指标为省级企业法人单位存量，不等同于招聘岗位数。
2016,贵州省,247409,个,分省年度数据,国家统计局：企业法人单位数_分省年度数据.xlsx,data/raw/official_statistics/企业法人单位数_分省年度数据.xlsx,原表年份包括2016、2017、2019、2020、2021、2022、2024，缺少2018和2023；该指标为省级企业法人单位存量，不等同于招聘岗位数。
2016,辽宁省,488742,个,分省年度数据,国家统计局：企业法人单位数_分省年度数据.xlsx,data/raw/official_statistics/企业法人单位数_分省年度数据.xlsx,原表年份包括2016、2017、2019、2020、2021、2022、2024，缺少2018和2023；该指标为省级企业法人单位存量，不等同于招聘岗位数。
2016,重庆市,460825,个,分省年度数据,国家统计局：企业法人单位数_分省年度数据.xlsx,data/raw/official_statistics/企业法人单位数_分省年度数据.xlsx,原表年份包括2016、2017、2019、2020、2021、2022、2024，缺少2018和2023；该指标为省级企业法人单位存量，不等同于招聘岗位数。
2016,陕西省,287034,个,分省年度数据,国家统计局：企业法人单位数_分省年度数据.xlsx,data/raw/official_statistics/企业法人单位数_分省年度数据.xlsx,原表年份包括2016、2017、2019、2020、2021、2022、2024，缺少2018和2023；该指标为省级企业法人单位存量，不等同于招聘岗位数。
2016,青海省,41210,个,分省年度数据,国家统计局：企业法人单位数_分省年度数据.xlsx,data/raw/official_statistics/企业法人单位数_分省年度数据.xlsx,原表年份包括2016、2017、2019、2020、2021、2022、2024，缺少2018和2023；该指标为省级企业法人单位存量，不等同于招聘岗位数。
2016,黑龙江省,158568,个,分省年度数据,国家统计局：企业法人单位数_分省年度数据.xlsx,data/raw/official_statistics/企业法人单位数_分省年度数据.xlsx,原表年份包括2016、2017、2019、2020、2021、2022、2024，缺少2018和2023；该指标为省级企业法人单位存量，不等同于招聘岗位数。
2017,上海市,453393,个,分省年度数据,国家统计局：企业法人单位数_分省年度数据.xlsx,data/raw/official_statistics/企业法人单位数_分省年度数据.xlsx,原表年份包括2016、2017、2019、2020、2021、2022、2024，缺少2018和2023；该指标为省级企业法人单位存量，不等同于招聘岗位数。
2017,云南省,457374,个,分省年度数据,国家统计局：企业法人单位数_分省年度数据.xlsx,data/raw/official_statistics/企业法人单位数_分省年度数据.xlsx,原表年份包括2016、2017、2019、2020、2021、2022、2024，缺少2018和2023；该指标为省级企业法人单位存量，不等同于招聘岗位数。
2017,内蒙古自治区,222801,个,分省年度数据,国家统计局：企业法人单位数_分省年度数据.xlsx,data/raw/official_statistics/企业法人单位数_分省年度数据.xlsx,原表年份包括2016、2017、2019、2020、2021、2022、2024，缺少2018和2023；该指标为省级企业法人单位存量，不等同于招聘岗位数。
2017,北京市,676829,个,分省年度数据,国家统计局：企业法人单位数_分省年度数据.xlsx,data/raw/official_statistics/企业法人单位数_分省年度数据.xlsx,原表年份包括2016、2017、2019、2020、2021、2022、2024，缺少2018和2023；该指标为省级企业法人单位存量，不等同于招聘岗位数。
2017,吉林省,141199,个,分省年度数据,国家统计局：企业法人单位数_分省年度数据.xlsx,data/raw/official_statistics/企业法人单位数_分省年度数据.xlsx,原表年份包括2016、2017、2019、2020、2021、2022、2024，缺少2018和2023；该指标为省级企业法人单位存量，不等同于招聘岗位数。
2017,四川省,401716,个,分省年度数据,国家统计局：企业法人单位数_分省年度数据.xlsx,data/raw/official_statistics/企业法人单位数_分省年度数据.xlsx,原表年份包括2016、2017、2019、2020、2021、2022、2024，缺少2018和2023；该指标为省级企业法人单位存量，不等同于招聘岗位数。
2017,天津市,414784,个,分省年度数据,国家统计局：企业法人单位数_分省年度数据.xlsx,data/raw/official_statistics/企业法人单位数_分省年度数据.xlsx,原表年份包括2016、2017、2019、2020、2021、2022、2024，缺少2018和2023；该指标为省级企业法人单位存量，不等同于招聘岗位数。
2017,宁夏回族自治区,63463,个,分省年度数据,国家统计局：企业法人单位数_分省年度数据.xlsx,data/raw/official_statistics/企业法人单位数_分省年度数据.xlsx,原表年份包括2016、2017、2019、2020、2021、2022、2024，缺少2018和2023；该指标为省级企业法人单位存量，不等同于招聘岗位数。
2017,安徽省,727017,个,分省年度数据,国家统计局：企业法人单位数_分省年度数据.xlsx,data/raw/official_statistics/企业法人单位数_分省年度数据.xlsx,原表年份包括2016、2017、2019、2020、2021、2022、2024，缺少2018和2023；该指标为省级企业法人单位存量，不等同于招聘岗位数。
2017,山东省,1676178,个,分省年度数据,国家统计局：企业法人单位数_分省年度数据.xlsx,data/raw/official_statistics/企业法人单位数_分省年度数据.xlsx,原表年份包括2016、2017、2019、2020、2021、2022、2024，缺少2018和2023；该指标为省级企业法人单位存量，不等同于招聘岗位数。
2017,山西省,429757,个,分省年度数据,国家统计局：企业法人单位数_分省年度数据.xlsx,data/raw/official_statistics/企业法人单位数_分省年度数据.xlsx,原表年份包括2016、2017、2019、2020、2021、2022、2024，缺少2018和2023；该指标为省级企业法人单位存量，不等同于招聘岗位数。
2017,广东省,1752016,个,分省年度数据,国家统计局：企业法人单位数_分省年度数据.xlsx,data/raw/official_statistics/企业法人单位数_分省年度数据.xlsx,原表年份包括2016、2017、2019、2020、2021、2022、2024，缺少2018和2023；该指标为省级企业法人单位存量，不等同于招聘岗位数。
2017,广西壮族自治区,409008,个,分省年度数据,国家统计局：企业法人单位数_分省年度数据.xlsx,data/raw/official_statistics/企业法人单位数_分省年度数据.xlsx,原表年份包括2016、2017、2019、2020、2021、2022、2024，缺少2018和2023；该指标为省级企业法人单位存量，不等同于招聘岗位数。
2017,新疆维吾尔自治区,176740,个,分省年度数据,国家统计局：企业法人单位数_分省年度数据.xlsx,data/raw/official_statistics/企业法人单位数_分省年度数据.xlsx,原表年份包括2016、2017、2019、2020、2021、2022、2024，缺少2018和2023；该指标为省级企业法人单位存量，不等同于招聘岗位数。
2017,江苏省,2148335,个,分省年度数据,国家统计局：企业法人单位数_分省年度数据.xlsx,data/raw/official_statistics/企业法人单位数_分省年度数据.xlsx,原表年份包括2016、2017、2019、2020、2021、2022、2024，缺少2018和2023；该指标为省级企业法人单位存量，不等同于招聘岗位数。
2017,江西省,439890,个,分省年度数据,国家统计局：企业法人单位数_分省年度数据.xlsx,data/raw/official_statistics/企业法人单位数_分省年度数据.xlsx,原表年份包括2016、2017、2019、2020、2021、2022、2024，缺少2018和2023；该指标为省级企业法人单位存量，不等同于招聘岗位数。
2017,河北省,954073,个,分省年度数据,国家统计局：企业法人单位数_分省年度数据.xlsx,data/raw/official_statistics/企业法人单位数_分省年度数据.xlsx,原表年份包括2016、2017、2019、2020、2021、2022、2024，缺少2018和2023；该指标为省级企业法人单位存量，不等同于招聘岗位数。
2017,河南省,695953,个,分省年度数据,国家统计局：企业法人单位数_分省年度数据.xlsx,data/raw/official_statistics/企业法人单位数_分省年度数据.xlsx,原表年份包括2016、2017、2019、2020、2021、2022、2024，缺少2018和2023；该指标为省级企业法人单位存量，不等同于招聘岗位数。
2017,浙江省,1599310,个,分省年度数据,国家统计局：企业法人单位数_分省年度数据.xlsx,data/raw/official_statistics/企业法人单位数_分省年度数据.xlsx,原表年份包括2016、2017、2019、2020、2021、2022、2024，缺少2018和2023；该指标为省级企业法人单位存量，不等同于招聘岗位数。
2017,海南省,77662,个,分省年度数据,国家统计局：企业法人单位数_分省年度数据.xlsx,data/raw/official_statistics/企业法人单位数_分省年度数据.xlsx,原表年份包括2016、2017、2019、2020、2021、2022、2024，缺少2018和2023；该指标为省级企业法人单位存量，不等同于招聘岗位数。
2017,湖北省,751526,个,分省年度数据,国家统计局：企业法人单位数_分省年度数据.xlsx,data/raw/official_statistics/企业法人单位数_分省年度数据.xlsx,原表年份包括2016、2017、2019、2020、2021、2022、2024，缺少2018和2023；该指标为省级企业法人单位存量，不等同于招聘岗位数。
2017,湖南省,502984,个,分省年度数据,国家统计局：企业法人单位数_分省年度数据.xlsx,data/raw/official_statistics/企业法人单位数_分省年度数据.xlsx,原表年份包括2016、2017、2019、2020、2021、2022、2024，缺少2018和2023；该指标为省级企业法人单位存量，不等同于招聘岗位数。
2017,甘肃省,127899,个,分省年度数据,国家统计局：企业法人单位数_分省年度数据.xlsx,data/raw/official_statistics/企业法人单位数_分省年度数据.xlsx,原表年份包括2016、2017、2019、2020、2021、2022、2024，缺少2018和2023；该指标为省级企业法人单位存量，不等同于招聘岗位数。
2017,福建省,748141,个,分省年度数据,国家统计局：企业法人单位数_分省年度数据.xlsx,data/raw/official_statistics/企业法人单位数_分省年度数据.xlsx,原表年份包括2016、2017、2019、2020、2021、2022、2024，缺少2018和2023；该指标为省级企业法人单位存量，不等同于招聘岗位数。
2017,西藏自治区,9461,个,分省年度数据,国家统计局：企业法人单位数_分省年度数据.xlsx,data/raw/official_statistics/企业法人单位数_分省年度数据.xlsx,原表年份包括2016、2017、2019、2020、2021、2022、2024，缺少2018和2023；该指标为省级企业法人单位存量，不等同于招聘岗位数。
2017,贵州省,342972,个,分省年度数据,国家统计局：企业法人单位数_分省年度数据.xlsx,data/raw/official_statistics/企业法人单位数_分省年度数据.xlsx,原表年份包括2016、2017、2019、2020、2021、2022、2024，缺少2018和2023；该指标为省级企业法人单位存量，不等同于招聘岗位数。
2017,辽宁省,543275,个,分省年度数据,国家统计局：企业法人单位数_分省年度数据.xlsx,data/raw/official_statistics/企业法人单位数_分省年度数据.xlsx,原表年份包括2016、2017、2019、2020、2021、2022、2024，缺少2018和2023；该指标为省级企业法人单位存量，不等同于招聘岗位数。
2017,重庆市,520514,个,分省年度数据,国家统计局：企业法人单位数_分省年度数据.xlsx,data/raw/official_statistics/企业法人单位数_分省年度数据.xlsx,原表年份包括2016、2017、2019、2020、2021、2022、2024，缺少2018和2023；该指标为省级企业法人单位存量，不等同于招聘岗位数。
2017,陕西省,333776,个,分省年度数据,国家统计局：企业法人单位数_分省年度数据.xlsx,data/raw/official_statistics/企业法人单位数_分省年度数据.xlsx,原表年份包括2016、2017、2019、2020、2021、2022、2024，缺少2018和2023；该指标为省级企业法人单位存量，不等同于招聘岗位数。
2017,青海省,76169,个,分省年度数据,国家统计局：企业法人单位数_分省年度数据.xlsx,data/raw/official_statistics/企业法人单位数_分省年度数据.xlsx,原表年份包括2016、2017、2019、2020、2021、2022、2024，缺少2018和2023；该指标为省级企业法人单位存量，不等同于招聘岗位数。
2017,黑龙江省,223467,个,分省年度数据,国家统计局：企业法人单位数_分省年度数据.xlsx,data/raw/official_statistics/企业法人单位数_分省年度数据.xlsx,原表年份包括2016、2017、2019、2020、2021、2022、2024，缺少2018和2023；该指标为省级企业法人单位存量，不等同于招聘岗位数。
2019,上海市,447643,个,分省年度数据,国家统计局：企业法人单位数_分省年度数据.xlsx,data/raw/official_statistics/企业法人单位数_分省年度数据.xlsx,原表年份包括2016、2017、2019、2020、2021、2022、2024，缺少2018和2023；该指标为省级企业法人单位存量，不等同于招聘岗位数。
2019,云南省,440778,个,分省年度数据,国家统计局：企业法人单位数_分省年度数据.xlsx,data/raw/official_statistics/企业法人单位数_分省年度数据.xlsx,原表年份包括2016、2017、2019、2020、2021、2022、2024，缺少2018和2023；该指标为省级企业法人单位存量，不等同于招聘岗位数。
2019,内蒙古自治区,271654,个,分省年度数据,国家统计局：企业法人单位数_分省年度数据.xlsx,data/raw/official_statistics/企业法人单位数_分省年度数据.xlsx,原表年份包括2016、2017、2019、2020、2021、2022、2024，缺少2018和2023；该指标为省级企业法人单位存量，不等同于招聘岗位数。
2019,北京市,870824,个,分省年度数据,国家统计局：企业法人单位数_分省年度数据.xlsx,data/raw/official_statistics/企业法人单位数_分省年度数据.xlsx,原表年份包括2016、2017、2019、2020、2021、2022、2024，缺少2018和2023；该指标为省级企业法人单位存量，不等同于招聘岗位数。
2019,吉林省,142289,个,分省年度数据,国家统计局：企业法人单位数_分省年度数据.xlsx,data/raw/official_statistics/企业法人单位数_分省年度数据.xlsx,原表年份包括2016、2017、2019、2020、2021、2022、2024，缺少2018和2023；该指标为省级企业法人单位存量，不等同于招聘岗位数。
2019,四川省,628030,个,分省年度数据,国家统计局：企业法人单位数_分省年度数据.xlsx,data/raw/official_statistics/企业法人单位数_分省年度数据.xlsx,原表年份包括2016、2017、2019、2020、2021、2022、2024，缺少2018和2023；该指标为省级企业法人单位存量，不等同于招聘岗位数。
2019,天津市,293307,个,分省年度数据,国家统计局：企业法人单位数_分省年度数据.xlsx,data/raw/official_statistics/企业法人单位数_分省年度数据.xlsx,原表年份包括2016、2017、2019、2020、2021、2022、2024，缺少2018和2023；该指标为省级企业法人单位存量，不等同于招聘岗位数。
2019,宁夏回族自治区,83411,个,分省年度数据,国家统计局：企业法人单位数_分省年度数据.xlsx,data/raw/official_statistics/企业法人单位数_分省年度数据.xlsx,原表年份包括2016、2017、2019、2020、2021、2022、2024，缺少2018和2023；该指标为省级企业法人单位存量，不等同于招聘岗位数。
2019,安徽省,786202,个,分省年度数据,国家统计局：企业法人单位数_分省年度数据.xlsx,data/raw/official_statistics/企业法人单位数_分省年度数据.xlsx,原表年份包括2016、2017、2019、2020、2021、2022、2024，缺少2018和2023；该指标为省级企业法人单位存量，不等同于招聘岗位数。
2019,山东省,1982466,个,分省年度数据,国家统计局：企业法人单位数_分省年度数据.xlsx,data/raw/official_statistics/企业法人单位数_分省年度数据.xlsx,原表年份包括2016、2017、2019、2020、2021、2022、2024，缺少2018和2023；该指标为省级企业法人单位存量，不等同于招聘岗位数。
2019,山西省,470657,个,分省年度数据,国家统计局：企业法人单位数_分省年度数据.xlsx,data/raw/official_statistics/企业法人单位数_分省年度数据.xlsx,原表年份包括2016、2017、2019、2020、2021、2022、2024，缺少2018和2023；该指标为省级企业法人单位存量，不等同于招聘岗位数。
2019,广东省,3037617,个,分省年度数据,国家统计局：企业法人单位数_分省年度数据.xlsx,data/raw/official_statistics/企业法人单位数_分省年度数据.xlsx,原表年份包括2016、2017、2019、2020、2021、2022、2024，缺少2018和2023；该指标为省级企业法人单位存量，不等同于招聘岗位数。
2019,广西壮族自治区,497222,个,分省年度数据,国家统计局：企业法人单位数_分省年度数据.xlsx,data/raw/official_statistics/企业法人单位数_分省年度数据.xlsx,原表年份包括2016、2017、2019、2020、2021、2022、2024，缺少2018和2023；该指标为省级企业法人单位存量，不等同于招聘岗位数。
2019,新疆维吾尔自治区,185993,个,分省年度数据,国家统计局：企业法人单位数_分省年度数据.xlsx,data/raw/official_statistics/企业法人单位数_分省年度数据.xlsx,原表年份包括2016、2017、2019、2020、2021、2022、2024，缺少2018和2023；该指标为省级企业法人单位存量，不等同于招聘岗位数。
2019,江苏省,2119006,个,分省年度数据,国家统计局：企业法人单位数_分省年度数据.xlsx,data/raw/official_statistics/企业法人单位数_分省年度数据.xlsx,原表年份包括2016、2017、2019、2020、2021、2022、2024，缺少2018和2023；该指标为省级企业法人单位存量，不等同于招聘岗位数。
2019,江西省,433517,个,分省年度数据,国家统计局：企业法人单位数_分省年度数据.xlsx,data/raw/official_statistics/企业法人单位数_分省年度数据.xlsx,原表年份包括2016、2017、2019、2020、2021、2022、2024，缺少2018和2023；该指标为省级企业法人单位存量，不等同于招聘岗位数。
2019,河北省,1108146,个,分省年度数据,国家统计局：企业法人单位数_分省年度数据.xlsx,data/raw/official_statistics/企业法人单位数_分省年度数据.xlsx,原表年份包括2016、2017、2019、2020、2021、2022、2024，缺少2018和2023；该指标为省级企业法人单位存量，不等同于招聘岗位数。
2019,河南省,1097816,个,分省年度数据,国家统计局：企业法人单位数_分省年度数据.xlsx,data/raw/official_statistics/企业法人单位数_分省年度数据.xlsx,原表年份包括2016、2017、2019、2020、2021、2022、2024，缺少2018和2023；该指标为省级企业法人单位存量，不等同于招聘岗位数。
2019,浙江省,1719850,个,分省年度数据,国家统计局：企业法人单位数_分省年度数据.xlsx,data/raw/official_statistics/企业法人单位数_分省年度数据.xlsx,原表年份包括2016、2017、2019、2020、2021、2022、2024，缺少2018和2023；该指标为省级企业法人单位存量，不等同于招聘岗位数。
2019,海南省,103994,个,分省年度数据,国家统计局：企业法人单位数_分省年度数据.xlsx,data/raw/official_statistics/企业法人单位数_分省年度数据.xlsx,原表年份包括2016、2017、2019、2020、2021、2022、2024，缺少2018和2023；该指标为省级企业法人单位存量，不等同于招聘岗位数。
2019,湖北省,804818,个,分省年度数据,国家统计局：企业法人单位数_分省年度数据.xlsx,data/raw/official_statistics/企业法人单位数_分省年度数据.xlsx,原表年份包括2016、2017、2019、2020、2021、2022、2024，缺少2018和2023；该指标为省级企业法人单位存量，不等同于招聘岗位数。
2019,湖南省,477440,个,分省年度数据,国家统计局：企业法人单位数_分省年度数据.xlsx,data/raw/official_statistics/企业法人单位数_分省年度数据.xlsx,原表年份包括2016、2017、2019、2020、2021、2022、2024，缺少2018和2023；该指标为省级企业法人单位存量，不等同于招聘岗位数。
2019,甘肃省,146197,个,分省年度数据,国家统计局：企业法人单位数_分省年度数据.xlsx,data/raw/official_statistics/企业法人单位数_分省年度数据.xlsx,原表年份包括2016、2017、2019、2020、2021、2022、2024，缺少2018和2023；该指标为省级企业法人单位存量，不等同于招聘岗位数。
2019,福建省,819718,个,分省年度数据,国家统计局：企业法人单位数_分省年度数据.xlsx,data/raw/official_statistics/企业法人单位数_分省年度数据.xlsx,原表年份包括2016、2017、2019、2020、2021、2022、2024，缺少2018和2023；该指标为省级企业法人单位存量，不等同于招聘岗位数。
2019,西藏自治区,28257,个,分省年度数据,国家统计局：企业法人单位数_分省年度数据.xlsx,data/raw/official_statistics/企业法人单位数_分省年度数据.xlsx,原表年份包括2016、2017、2019、2020、2021、2022、2024，缺少2018和2023；该指标为省级企业法人单位存量，不等同于招聘岗位数。
2019,贵州省,361163,个,分省年度数据,国家统计局：企业法人单位数_分省年度数据.xlsx,data/raw/official_statistics/企业法人单位数_分省年度数据.xlsx,原表年份包括2016、2017、2019、2020、2021、2022、2024，缺少2018和2023；该指标为省级企业法人单位存量，不等同于招聘岗位数。
2019,辽宁省,514311,个,分省年度数据,国家统计局：企业法人单位数_分省年度数据.xlsx,data/raw/official_statistics/企业法人单位数_分省年度数据.xlsx,原表年份包括2016、2017、2019、2020、2021、2022、2024，缺少2018和2023；该指标为省级企业法人单位存量，不等同于招聘岗位数。
2019,重庆市,516287,个,分省年度数据,国家统计局：企业法人单位数_分省年度数据.xlsx,data/raw/official_statistics/企业法人单位数_分省年度数据.xlsx,原表年份包括2016、2017、2019、2020、2021、2022、2024，缺少2018和2023；该指标为省级企业法人单位存量，不等同于招聘岗位数。
2019,陕西省,444203,个,分省年度数据,国家统计局：企业法人单位数_分省年度数据.xlsx,data/raw/official_statistics/企业法人单位数_分省年度数据.xlsx,原表年份包括2016、2017、2019、2020、2021、2022、2024，缺少2018和2023；该指标为省级企业法人单位存量，不等同于招聘岗位数。
2019,青海省,65128,个,分省年度数据,国家统计局：企业法人单位数_分省年度数据.xlsx,data/raw/official_statistics/企业法人单位数_分省年度数据.xlsx,原表年份包括2016、2017、2019、2020、2021、2022、2024，缺少2018和2023；该指标为省级企业法人单位存量，不等同于招聘岗位数。
2019,黑龙江省,193326,个,分省年度数据,国家统计局：企业法人单位数_分省年度数据.xlsx,data/raw/official_statistics/企业法人单位数_分省年度数据.xlsx,原表年份包括2016、2017、2019、2020、2021、2022、2024，缺少2018和2023；该指标为省级企业法人单位存量，不等同于招聘岗位数。
2020,上海市,497979,个,分省年度数据,国家统计局：企业法人单位数_分省年度数据.xlsx,data/raw/official_statistics/企业法人单位数_分省年度数据.xlsx,原表年份包括2016、2017、2019、2020、2021、2022、2024，缺少2018和2023；该指标为省级企业法人单位存量，不等同于招聘岗位数。
2020,云南省,599648,个,分省年度数据,国家统计局：企业法人单位数_分省年度数据.xlsx,data/raw/official_statistics/企业法人单位数_分省年度数据.xlsx,原表年份包括2016、2017、2019、2020、2021、2022、2024，缺少2018和2023；该指标为省级企业法人单位存量，不等同于招聘岗位数。
2020,内蒙古自治区,320329,个,分省年度数据,国家统计局：企业法人单位数_分省年度数据.xlsx,data/raw/official_statistics/企业法人单位数_分省年度数据.xlsx,原表年份包括2016、2017、2019、2020、2021、2022、2024，缺少2018和2023；该指标为省级企业法人单位存量，不等同于招聘岗位数。
2020,北京市,1127720,个,分省年度数据,国家统计局：企业法人单位数_分省年度数据.xlsx,data/raw/official_statistics/企业法人单位数_分省年度数据.xlsx,原表年份包括2016、2017、2019、2020、2021、2022、2024，缺少2018和2023；该指标为省级企业法人单位存量，不等同于招聘岗位数。
2020,吉林省,166693,个,分省年度数据,国家统计局：企业法人单位数_分省年度数据.xlsx,data/raw/official_statistics/企业法人单位数_分省年度数据.xlsx,原表年份包括2016、2017、2019、2020、2021、2022、2024，缺少2018和2023；该指标为省级企业法人单位存量，不等同于招聘岗位数。
2020,四川省,720525,个,分省年度数据,国家统计局：企业法人单位数_分省年度数据.xlsx,data/raw/official_statistics/企业法人单位数_分省年度数据.xlsx,原表年份包括2016、2017、2019、2020、2021、2022、2024，缺少2018和2023；该指标为省级企业法人单位存量，不等同于招聘岗位数。
2020,天津市,341215,个,分省年度数据,国家统计局：企业法人单位数_分省年度数据.xlsx,data/raw/official_statistics/企业法人单位数_分省年度数据.xlsx,原表年份包括2016、2017、2019、2020、2021、2022、2024，缺少2018和2023；该指标为省级企业法人单位存量，不等同于招聘岗位数。
2020,宁夏回族自治区,103540,个,分省年度数据,国家统计局：企业法人单位数_分省年度数据.xlsx,data/raw/official_statistics/企业法人单位数_分省年度数据.xlsx,原表年份包括2016、2017、2019、2020、2021、2022、2024，缺少2018和2023；该指标为省级企业法人单位存量，不等同于招聘岗位数。
2020,安徽省,998274,个,分省年度数据,国家统计局：企业法人单位数_分省年度数据.xlsx,data/raw/official_statistics/企业法人单位数_分省年度数据.xlsx,原表年份包括2016、2017、2019、2020、2021、2022、2024，缺少2018和2023；该指标为省级企业法人单位存量，不等同于招聘岗位数。
2020,山东省,2483474,个,分省年度数据,国家统计局：企业法人单位数_分省年度数据.xlsx,data/raw/official_statistics/企业法人单位数_分省年度数据.xlsx,原表年份包括2016、2017、2019、2020、2021、2022、2024，缺少2018和2023；该指标为省级企业法人单位存量，不等同于招聘岗位数。
2020,山西省,604760,个,分省年度数据,国家统计局：企业法人单位数_分省年度数据.xlsx,data/raw/official_statistics/企业法人单位数_分省年度数据.xlsx,原表年份包括2016、2017、2019、2020、2021、2022、2024，缺少2018和2023；该指标为省级企业法人单位存量，不等同于招聘岗位数。
2020,广东省,3203987,个,分省年度数据,国家统计局：企业法人单位数_分省年度数据.xlsx,data/raw/official_statistics/企业法人单位数_分省年度数据.xlsx,原表年份包括2016、2017、2019、2020、2021、2022、2024，缺少2018和2023；该指标为省级企业法人单位存量，不等同于招聘岗位数。
2020,广西壮族自治区,596654,个,分省年度数据,国家统计局：企业法人单位数_分省年度数据.xlsx,data/raw/official_statistics/企业法人单位数_分省年度数据.xlsx,原表年份包括2016、2017、2019、2020、2021、2022、2024，缺少2018和2023；该指标为省级企业法人单位存量，不等同于招聘岗位数。
2020,新疆维吾尔自治区,239091,个,分省年度数据,国家统计局：企业法人单位数_分省年度数据.xlsx,data/raw/official_statistics/企业法人单位数_分省年度数据.xlsx,原表年份包括2016、2017、2019、2020、2021、2022、2024，缺少2018和2023；该指标为省级企业法人单位存量，不等同于招聘岗位数。
2020,江苏省,2333775,个,分省年度数据,国家统计局：企业法人单位数_分省年度数据.xlsx,data/raw/official_statistics/企业法人单位数_分省年度数据.xlsx,原表年份包括2016、2017、2019、2020、2021、2022、2024，缺少2018和2023；该指标为省级企业法人单位存量，不等同于招聘岗位数。
2020,江西省,621069,个,分省年度数据,国家统计局：企业法人单位数_分省年度数据.xlsx,data/raw/official_statistics/企业法人单位数_分省年度数据.xlsx,原表年份包括2016、2017、2019、2020、2021、2022、2024，缺少2018和2023；该指标为省级企业法人单位存量，不等同于招聘岗位数。
2020,河北省,1248654,个,分省年度数据,国家统计局：企业法人单位数_分省年度数据.xlsx,data/raw/official_statistics/企业法人单位数_分省年度数据.xlsx,原表年份包括2016、2017、2019、2020、2021、2022、2024，缺少2018和2023；该指标为省级企业法人单位存量，不等同于招聘岗位数。
2020,河南省,1324372,个,分省年度数据,国家统计局：企业法人单位数_分省年度数据.xlsx,data/raw/official_statistics/企业法人单位数_分省年度数据.xlsx,原表年份包括2016、2017、2019、2020、2021、2022、2024，缺少2018和2023；该指标为省级企业法人单位存量，不等同于招聘岗位数。
2020,浙江省,2087888,个,分省年度数据,国家统计局：企业法人单位数_分省年度数据.xlsx,data/raw/official_statistics/企业法人单位数_分省年度数据.xlsx,原表年份包括2016、2017、2019、2020、2021、2022、2024，缺少2018和2023；该指标为省级企业法人单位存量，不等同于招聘岗位数。
2020,海南省,117573,个,分省年度数据,国家统计局：企业法人单位数_分省年度数据.xlsx,data/raw/official_statistics/企业法人单位数_分省年度数据.xlsx,原表年份包括2016、2017、2019、2020、2021、2022、2024，缺少2018和2023；该指标为省级企业法人单位存量，不等同于招聘岗位数。
2020,湖北省,968729,个,分省年度数据,国家统计局：企业法人单位数_分省年度数据.xlsx,data/raw/official_statistics/企业法人单位数_分省年度数据.xlsx,原表年份包括2016、2017、2019、2020、2021、2022、2024，缺少2018和2023；该指标为省级企业法人单位存量，不等同于招聘岗位数。
2020,湖南省,628510,个,分省年度数据,国家统计局：企业法人单位数_分省年度数据.xlsx,data/raw/official_statistics/企业法人单位数_分省年度数据.xlsx,原表年份包括2016、2017、2019、2020、2021、2022、2024，缺少2018和2023；该指标为省级企业法人单位存量，不等同于招聘岗位数。
2020,甘肃省,175537,个,分省年度数据,国家统计局：企业法人单位数_分省年度数据.xlsx,data/raw/official_statistics/企业法人单位数_分省年度数据.xlsx,原表年份包括2016、2017、2019、2020、2021、2022、2024，缺少2018和2023；该指标为省级企业法人单位存量，不等同于招聘岗位数。
2020,福建省,1031865,个,分省年度数据,国家统计局：企业法人单位数_分省年度数据.xlsx,data/raw/official_statistics/企业法人单位数_分省年度数据.xlsx,原表年份包括2016、2017、2019、2020、2021、2022、2024，缺少2018和2023；该指标为省级企业法人单位存量，不等同于招聘岗位数。
2020,西藏自治区,28775,个,分省年度数据,国家统计局：企业法人单位数_分省年度数据.xlsx,data/raw/official_statistics/企业法人单位数_分省年度数据.xlsx,原表年份包括2016、2017、2019、2020、2021、2022、2024，缺少2018和2023；该指标为省级企业法人单位存量，不等同于招聘岗位数。
2020,贵州省,431382,个,分省年度数据,国家统计局：企业法人单位数_分省年度数据.xlsx,data/raw/official_statistics/企业法人单位数_分省年度数据.xlsx,原表年份包括2016、2017、2019、2020、2021、2022、2024，缺少2018和2023；该指标为省级企业法人单位存量，不等同于招聘岗位数。
2020,辽宁省,633098,个,分省年度数据,国家统计局：企业法人单位数_分省年度数据.xlsx,data/raw/official_statistics/企业法人单位数_分省年度数据.xlsx,原表年份包括2016、2017、2019、2020、2021、2022、2024，缺少2018和2023；该指标为省级企业法人单位存量，不等同于招聘岗位数。
2020,重庆市,566829,个,分省年度数据,国家统计局：企业法人单位数_分省年度数据.xlsx,data/raw/official_statistics/企业法人单位数_分省年度数据.xlsx,原表年份包括2016、2017、2019、2020、2021、2022、2024，缺少2018和2023；该指标为省级企业法人单位存量，不等同于招聘岗位数。
2020,陕西省,540901,个,分省年度数据,国家统计局：企业法人单位数_分省年度数据.xlsx,data/raw/official_statistics/企业法人单位数_分省年度数据.xlsx,原表年份包括2016、2017、2019、2020、2021、2022、2024，缺少2018和2023；该指标为省级企业法人单位存量，不等同于招聘岗位数。
2020,青海省,78106,个,分省年度数据,国家统计局：企业法人单位数_分省年度数据.xlsx,data/raw/official_statistics/企业法人单位数_分省年度数据.xlsx,原表年份包括2016、2017、2019、2020、2021、2022、2024，缺少2018和2023；该指标为省级企业法人单位存量，不等同于招聘岗位数。
2020,黑龙江省,234504,个,分省年度数据,国家统计局：企业法人单位数_分省年度数据.xlsx,data/raw/official_statistics/企业法人单位数_分省年度数据.xlsx,原表年份包括2016、2017、2019、2020、2021、2022、2024，缺少2018和2023；该指标为省级企业法人单位存量，不等同于招聘岗位数。
2021,上海市,505468,个,分省年度数据,国家统计局：企业法人单位数_分省年度数据.xlsx,data/raw/official_statistics/企业法人单位数_分省年度数据.xlsx,原表年份包括2016、2017、2019、2020、2021、2022、2024，缺少2018和2023；该指标为省级企业法人单位存量，不等同于招聘岗位数。
2021,云南省,646660,个,分省年度数据,国家统计局：企业法人单位数_分省年度数据.xlsx,data/raw/official_statistics/企业法人单位数_分省年度数据.xlsx,原表年份包括2016、2017、2019、2020、2021、2022、2024，缺少2018和2023；该指标为省级企业法人单位存量，不等同于招聘岗位数。
2021,内蒙古自治区,381862,个,分省年度数据,国家统计局：企业法人单位数_分省年度数据.xlsx,data/raw/official_statistics/企业法人单位数_分省年度数据.xlsx,原表年份包括2016、2017、2019、2020、2021、2022、2024，缺少2018和2023；该指标为省级企业法人单位存量，不等同于招聘岗位数。
2021,北京市,1252742,个,分省年度数据,国家统计局：企业法人单位数_分省年度数据.xlsx,data/raw/official_statistics/企业法人单位数_分省年度数据.xlsx,原表年份包括2016、2017、2019、2020、2021、2022、2024，缺少2018和2023；该指标为省级企业法人单位存量，不等同于招聘岗位数。
2021,吉林省,229570,个,分省年度数据,国家统计局：企业法人单位数_分省年度数据.xlsx,data/raw/official_statistics/企业法人单位数_分省年度数据.xlsx,原表年份包括2016、2017、2019、2020、2021、2022、2024，缺少2018和2023；该指标为省级企业法人单位存量，不等同于招聘岗位数。
2021,四川省,762856,个,分省年度数据,国家统计局：企业法人单位数_分省年度数据.xlsx,data/raw/official_statistics/企业法人单位数_分省年度数据.xlsx,原表年份包括2016、2017、2019、2020、2021、2022、2024，缺少2018和2023；该指标为省级企业法人单位存量，不等同于招聘岗位数。
2021,天津市,376523,个,分省年度数据,国家统计局：企业法人单位数_分省年度数据.xlsx,data/raw/official_statistics/企业法人单位数_分省年度数据.xlsx,原表年份包括2016、2017、2019、2020、2021、2022、2024，缺少2018和2023；该指标为省级企业法人单位存量，不等同于招聘岗位数。
2021,宁夏回族自治区,129018,个,分省年度数据,国家统计局：企业法人单位数_分省年度数据.xlsx,data/raw/official_statistics/企业法人单位数_分省年度数据.xlsx,原表年份包括2016、2017、2019、2020、2021、2022、2024，缺少2018和2023；该指标为省级企业法人单位存量，不等同于招聘岗位数。
2021,安徽省,1150433,个,分省年度数据,国家统计局：企业法人单位数_分省年度数据.xlsx,data/raw/official_statistics/企业法人单位数_分省年度数据.xlsx,原表年份包括2016、2017、2019、2020、2021、2022、2024，缺少2018和2023；该指标为省级企业法人单位存量，不等同于招聘岗位数。
2021,山东省,2928918,个,分省年度数据,国家统计局：企业法人单位数_分省年度数据.xlsx,data/raw/official_statistics/企业法人单位数_分省年度数据.xlsx,原表年份包括2016、2017、2019、2020、2021、2022、2024，缺少2018和2023；该指标为省级企业法人单位存量，不等同于招聘岗位数。
2021,山西省,729478,个,分省年度数据,国家统计局：企业法人单位数_分省年度数据.xlsx,data/raw/official_statistics/企业法人单位数_分省年度数据.xlsx,原表年份包括2016、2017、2019、2020、2021、2022、2024，缺少2018和2023；该指标为省级企业法人单位存量，不等同于招聘岗位数。
2021,广东省,3319738,个,分省年度数据,国家统计局：企业法人单位数_分省年度数据.xlsx,data/raw/official_statistics/企业法人单位数_分省年度数据.xlsx,原表年份包括2016、2017、2019、2020、2021、2022、2024，缺少2018和2023；该指标为省级企业法人单位存量，不等同于招聘岗位数。
2021,广西壮族自治区,684474,个,分省年度数据,国家统计局：企业法人单位数_分省年度数据.xlsx,data/raw/official_statistics/企业法人单位数_分省年度数据.xlsx,原表年份包括2016、2017、2019、2020、2021、2022、2024，缺少2018和2023；该指标为省级企业法人单位存量，不等同于招聘岗位数。
2021,新疆维吾尔自治区,277060,个,分省年度数据,国家统计局：企业法人单位数_分省年度数据.xlsx,data/raw/official_statistics/企业法人单位数_分省年度数据.xlsx,原表年份包括2016、2017、2019、2020、2021、2022、2024，缺少2018和2023；该指标为省级企业法人单位存量，不等同于招聘岗位数。
2021,江苏省,2892203,个,分省年度数据,国家统计局：企业法人单位数_分省年度数据.xlsx,data/raw/official_statistics/企业法人单位数_分省年度数据.xlsx,原表年份包括2016、2017、2019、2020、2021、2022、2024，缺少2018和2023；该指标为省级企业法人单位存量，不等同于招聘岗位数。
2021,江西省,741284,个,分省年度数据,国家统计局：企业法人单位数_分省年度数据.xlsx,data/raw/official_statistics/企业法人单位数_分省年度数据.xlsx,原表年份包括2016、2017、2019、2020、2021、2022、2024，缺少2018和2023；该指标为省级企业法人单位存量，不等同于招聘岗位数。
2021,河北省,1376514,个,分省年度数据,国家统计局：企业法人单位数_分省年度数据.xlsx,data/raw/official_statistics/企业法人单位数_分省年度数据.xlsx,原表年份包括2016、2017、2019、2020、2021、2022、2024，缺少2018和2023；该指标为省级企业法人单位存量，不等同于招聘岗位数。
2021,河南省,1631330,个,分省年度数据,国家统计局：企业法人单位数_分省年度数据.xlsx,data/raw/official_statistics/企业法人单位数_分省年度数据.xlsx,原表年份包括2016、2017、2019、2020、2021、2022、2024，缺少2018和2023；该指标为省级企业法人单位存量，不等同于招聘岗位数。
2021,浙江省,2310258,个,分省年度数据,国家统计局：企业法人单位数_分省年度数据.xlsx,data/raw/official_statistics/企业法人单位数_分省年度数据.xlsx,原表年份包括2016、2017、2019、2020、2021、2022、2024，缺少2018和2023；该指标为省级企业法人单位存量，不等同于招聘岗位数。
2021,海南省,166723,个,分省年度数据,国家统计局：企业法人单位数_分省年度数据.xlsx,data/raw/official_statistics/企业法人单位数_分省年度数据.xlsx,原表年份包括2016、2017、2019、2020、2021、2022、2024，缺少2018和2023；该指标为省级企业法人单位存量，不等同于招聘岗位数。
2021,湖北省,1139615,个,分省年度数据,国家统计局：企业法人单位数_分省年度数据.xlsx,data/raw/official_statistics/企业法人单位数_分省年度数据.xlsx,原表年份包括2016、2017、2019、2020、2021、2022、2024，缺少2018和2023；该指标为省级企业法人单位存量，不等同于招聘岗位数。
2021,湖南省,738648,个,分省年度数据,国家统计局：企业法人单位数_分省年度数据.xlsx,data/raw/official_statistics/企业法人单位数_分省年度数据.xlsx,原表年份包括2016、2017、2019、2020、2021、2022、2024，缺少2018和2023；该指标为省级企业法人单位存量，不等同于招聘岗位数。
2021,甘肃省,217733,个,分省年度数据,国家统计局：企业法人单位数_分省年度数据.xlsx,data/raw/official_statistics/企业法人单位数_分省年度数据.xlsx,原表年份包括2016、2017、2019、2020、2021、2022、2024，缺少2018和2023；该指标为省级企业法人单位存量，不等同于招聘岗位数。
2021,福建省,1265024,个,分省年度数据,国家统计局：企业法人单位数_分省年度数据.xlsx,data/raw/official_statistics/企业法人单位数_分省年度数据.xlsx,原表年份包括2016、2017、2019、2020、2021、2022、2024，缺少2018和2023；该指标为省级企业法人单位存量，不等同于招聘岗位数。
2021,西藏自治区,32161,个,分省年度数据,国家统计局：企业法人单位数_分省年度数据.xlsx,data/raw/official_statistics/企业法人单位数_分省年度数据.xlsx,原表年份包括2016、2017、2019、2020、2021、2022、2024，缺少2018和2023；该指标为省级企业法人单位存量，不等同于招聘岗位数。
2021,贵州省,519698,个,分省年度数据,国家统计局：企业法人单位数_分省年度数据.xlsx,data/raw/official_statistics/企业法人单位数_分省年度数据.xlsx,原表年份包括2016、2017、2019、2020、2021、2022、2024，缺少2018和2023；该指标为省级企业法人单位存量，不等同于招聘岗位数。
2021,辽宁省,670131,个,分省年度数据,国家统计局：企业法人单位数_分省年度数据.xlsx,data/raw/official_statistics/企业法人单位数_分省年度数据.xlsx,原表年份包括2016、2017、2019、2020、2021、2022、2024，缺少2018和2023；该指标为省级企业法人单位存量，不等同于招聘岗位数。
2021,重庆市,652158,个,分省年度数据,国家统计局：企业法人单位数_分省年度数据.xlsx,data/raw/official_statistics/企业法人单位数_分省年度数据.xlsx,原表年份包括2016、2017、2019、2020、2021、2022、2024，缺少2018和2023；该指标为省级企业法人单位存量，不等同于招聘岗位数。
2021,陕西省,593201,个,分省年度数据,国家统计局：企业法人单位数_分省年度数据.xlsx,data/raw/official_statistics/企业法人单位数_分省年度数据.xlsx,原表年份包括2016、2017、2019、2020、2021、2022、2024，缺少2018和2023；该指标为省级企业法人单位存量，不等同于招聘岗位数。
2021,青海省,86872,个,分省年度数据,国家统计局：企业法人单位数_分省年度数据.xlsx,data/raw/official_statistics/企业法人单位数_分省年度数据.xlsx,原表年份包括2016、2017、2019、2020、2021、2022、2024，缺少2018和2023；该指标为省级企业法人单位存量，不等同于招聘岗位数。
2021,黑龙江省,256859,个,分省年度数据,国家统计局：企业法人单位数_分省年度数据.xlsx,data/raw/official_statistics/企业法人单位数_分省年度数据.xlsx,原表年份包括2016、2017、2019、2020、2021、2022、2024，缺少2018和2023；该指标为省级企业法人单位存量，不等同于招聘岗位数。
2022,上海市,561659,个,分省年度数据,国家统计局：企业法人单位数_分省年度数据.xlsx,data/raw/official_statistics/企业法人单位数_分省年度数据.xlsx,原表年份包括2016、2017、2019、2020、2021、2022、2024，缺少2018和2023；该指标为省级企业法人单位存量，不等同于招聘岗位数。
2022,云南省,682662,个,分省年度数据,国家统计局：企业法人单位数_分省年度数据.xlsx,data/raw/official_statistics/企业法人单位数_分省年度数据.xlsx,原表年份包括2016、2017、2019、2020、2021、2022、2024，缺少2018和2023；该指标为省级企业法人单位存量，不等同于招聘岗位数。
2022,内蒙古自治区,422887,个,分省年度数据,国家统计局：企业法人单位数_分省年度数据.xlsx,data/raw/official_statistics/企业法人单位数_分省年度数据.xlsx,原表年份包括2016、2017、2019、2020、2021、2022、2024，缺少2018和2023；该指标为省级企业法人单位存量，不等同于招聘岗位数。
2022,北京市,1361791,个,分省年度数据,国家统计局：企业法人单位数_分省年度数据.xlsx,data/raw/official_statistics/企业法人单位数_分省年度数据.xlsx,原表年份包括2016、2017、2019、2020、2021、2022、2024，缺少2018和2023；该指标为省级企业法人单位存量，不等同于招聘岗位数。
2022,吉林省,270241,个,分省年度数据,国家统计局：企业法人单位数_分省年度数据.xlsx,data/raw/official_statistics/企业法人单位数_分省年度数据.xlsx,原表年份包括2016、2017、2019、2020、2021、2022、2024，缺少2018和2023；该指标为省级企业法人单位存量，不等同于招聘岗位数。
2022,四川省,1341701,个,分省年度数据,国家统计局：企业法人单位数_分省年度数据.xlsx,data/raw/official_statistics/企业法人单位数_分省年度数据.xlsx,原表年份包括2016、2017、2019、2020、2021、2022、2024，缺少2018和2023；该指标为省级企业法人单位存量，不等同于招聘岗位数。
2022,天津市,425393,个,分省年度数据,国家统计局：企业法人单位数_分省年度数据.xlsx,data/raw/official_statistics/企业法人单位数_分省年度数据.xlsx,原表年份包括2016、2017、2019、2020、2021、2022、2024，缺少2018和2023；该指标为省级企业法人单位存量，不等同于招聘岗位数。
2022,宁夏回族自治区,136425,个,分省年度数据,国家统计局：企业法人单位数_分省年度数据.xlsx,data/raw/official_statistics/企业法人单位数_分省年度数据.xlsx,原表年份包括2016、2017、2019、2020、2021、2022、2024，缺少2018和2023；该指标为省级企业法人单位存量，不等同于招聘岗位数。
2022,安徽省,1289469,个,分省年度数据,国家统计局：企业法人单位数_分省年度数据.xlsx,data/raw/official_statistics/企业法人单位数_分省年度数据.xlsx,原表年份包括2016、2017、2019、2020、2021、2022、2024，缺少2018和2023；该指标为省级企业法人单位存量，不等同于招聘岗位数。
2022,山东省,3202958,个,分省年度数据,国家统计局：企业法人单位数_分省年度数据.xlsx,data/raw/official_statistics/企业法人单位数_分省年度数据.xlsx,原表年份包括2016、2017、2019、2020、2021、2022、2024，缺少2018和2023；该指标为省级企业法人单位存量，不等同于招聘岗位数。
2022,山西省,776575,个,分省年度数据,国家统计局：企业法人单位数_分省年度数据.xlsx,data/raw/official_statistics/企业法人单位数_分省年度数据.xlsx,原表年份包括2016、2017、2019、2020、2021、2022、2024，缺少2018和2023；该指标为省级企业法人单位存量，不等同于招聘岗位数。
2022,广东省,3531927,个,分省年度数据,国家统计局：企业法人单位数_分省年度数据.xlsx,data/raw/official_statistics/企业法人单位数_分省年度数据.xlsx,原表年份包括2016、2017、2019、2020、2021、2022、2024，缺少2018和2023；该指标为省级企业法人单位存量，不等同于招聘岗位数。
2022,广西壮族自治区,760559,个,分省年度数据,国家统计局：企业法人单位数_分省年度数据.xlsx,data/raw/official_statistics/企业法人单位数_分省年度数据.xlsx,原表年份包括2016、2017、2019、2020、2021、2022、2024，缺少2018和2023；该指标为省级企业法人单位存量，不等同于招聘岗位数。
2022,新疆维吾尔自治区,350433,个,分省年度数据,国家统计局：企业法人单位数_分省年度数据.xlsx,data/raw/official_statistics/企业法人单位数_分省年度数据.xlsx,原表年份包括2016、2017、2019、2020、2021、2022、2024，缺少2018和2023；该指标为省级企业法人单位存量，不等同于招聘岗位数。
2022,江苏省,3120366,个,分省年度数据,国家统计局：企业法人单位数_分省年度数据.xlsx,data/raw/official_statistics/企业法人单位数_分省年度数据.xlsx,原表年份包括2016、2017、2019、2020、2021、2022、2024，缺少2018和2023；该指标为省级企业法人单位存量，不等同于招聘岗位数。
2022,江西省,1058341,个,分省年度数据,国家统计局：企业法人单位数_分省年度数据.xlsx,data/raw/official_statistics/企业法人单位数_分省年度数据.xlsx,原表年份包括2016、2017、2019、2020、2021、2022、2024，缺少2018和2023；该指标为省级企业法人单位存量，不等同于招聘岗位数。
2022,河北省,1630410,个,分省年度数据,国家统计局：企业法人单位数_分省年度数据.xlsx,data/raw/official_statistics/企业法人单位数_分省年度数据.xlsx,原表年份包括2016、2017、2019、2020、2021、2022、2024，缺少2018和2023；该指标为省级企业法人单位存量，不等同于招聘岗位数。
2022,河南省,1761349,个,分省年度数据,国家统计局：企业法人单位数_分省年度数据.xlsx,data/raw/official_statistics/企业法人单位数_分省年度数据.xlsx,原表年份包括2016、2017、2019、2020、2021、2022、2024，缺少2018和2023；该指标为省级企业法人单位存量，不等同于招聘岗位数。
2022,浙江省,2501809,个,分省年度数据,国家统计局：企业法人单位数_分省年度数据.xlsx,data/raw/official_statistics/企业法人单位数_分省年度数据.xlsx,原表年份包括2016、2017、2019、2020、2021、2022、2024，缺少2018和2023；该指标为省级企业法人单位存量，不等同于招聘岗位数。
2022,海南省,193121,个,分省年度数据,国家统计局：企业法人单位数_分省年度数据.xlsx,data/raw/official_statistics/企业法人单位数_分省年度数据.xlsx,原表年份包括2016、2017、2019、2020、2021、2022、2024，缺少2018和2023；该指标为省级企业法人单位存量，不等同于招聘岗位数。
2022,湖北省,1333259,个,分省年度数据,国家统计局：企业法人单位数_分省年度数据.xlsx,data/raw/official_statistics/企业法人单位数_分省年度数据.xlsx,原表年份包括2016、2017、2019、2020、2021、2022、2024，缺少2018和2023；该指标为省级企业法人单位存量，不等同于招聘岗位数。
2022,湖南省,1046672,个,分省年度数据,国家统计局：企业法人单位数_分省年度数据.xlsx,data/raw/official_statistics/企业法人单位数_分省年度数据.xlsx,原表年份包括2016、2017、2019、2020、2021、2022、2024，缺少2018和2023；该指标为省级企业法人单位存量，不等同于招聘岗位数。
2022,甘肃省,288360,个,分省年度数据,国家统计局：企业法人单位数_分省年度数据.xlsx,data/raw/official_statistics/企业法人单位数_分省年度数据.xlsx,原表年份包括2016、2017、2019、2020、2021、2022、2024，缺少2018和2023；该指标为省级企业法人单位存量，不等同于招聘岗位数。
2022,福建省,1419816,个,分省年度数据,国家统计局：企业法人单位数_分省年度数据.xlsx,data/raw/official_statistics/企业法人单位数_分省年度数据.xlsx,原表年份包括2016、2017、2019、2020、2021、2022、2024，缺少2018和2023；该指标为省级企业法人单位存量，不等同于招聘岗位数。
2022,西藏自治区,33092,个,分省年度数据,国家统计局：企业法人单位数_分省年度数据.xlsx,data/raw/official_statistics/企业法人单位数_分省年度数据.xlsx,原表年份包括2016、2017、2019、2020、2021、2022、2024，缺少2018和2023；该指标为省级企业法人单位存量，不等同于招聘岗位数。
2022,贵州省,638787,个,分省年度数据,国家统计局：企业法人单位数_分省年度数据.xlsx,data/raw/official_statistics/企业法人单位数_分省年度数据.xlsx,原表年份包括2016、2017、2019、2020、2021、2022、2024，缺少2018和2023；该指标为省级企业法人单位存量，不等同于招聘岗位数。
2022,辽宁省,715559,个,分省年度数据,国家统计局：企业法人单位数_分省年度数据.xlsx,data/raw/official_statistics/企业法人单位数_分省年度数据.xlsx,原表年份包括2016、2017、2019、2020、2021、2022、2024，缺少2018和2023；该指标为省级企业法人单位存量，不等同于招聘岗位数。
2022,重庆市,705066,个,分省年度数据,国家统计局：企业法人单位数_分省年度数据.xlsx,data/raw/official_statistics/企业法人单位数_分省年度数据.xlsx,原表年份包括2016、2017、2019、2020、2021、2022、2024，缺少2018和2023；该指标为省级企业法人单位存量，不等同于招聘岗位数。
2022,陕西省,810083,个,分省年度数据,国家统计局：企业法人单位数_分省年度数据.xlsx,data/raw/official_statistics/企业法人单位数_分省年度数据.xlsx,原表年份包括2016、2017、2019、2020、2021、2022、2024，缺少2018和2023；该指标为省级企业法人单位存量，不等同于招聘岗位数。
2022,青海省,99784,个,分省年度数据,国家统计局：企业法人单位数_分省年度数据.xlsx,data/raw/official_statistics/企业法人单位数_分省年度数据.xlsx,原表年份包括2016、2017、2019、2020、2021、2022、2024，缺少2018和2023；该指标为省级企业法人单位存量，不等同于招聘岗位数。
2022,黑龙江省,358180,个,分省年度数据,国家统计局：企业法人单位数_分省年度数据.xlsx,data/raw/official_statistics/企业法人单位数_分省年度数据.xlsx,原表年份包括2016、2017、2019、2020、2021、2022、2024，缺少2018和2023；该指标为省级企业法人单位存量，不等同于招聘岗位数。
2024,上海市,749642,个,分省年度数据,国家统计局：企业法人单位数_分省年度数据.xlsx,data/raw/official_statistics/企业法人单位数_分省年度数据.xlsx,原表年份包括2016、2017、2019、2020、2021、2022、2024，缺少2018和2023；该指标为省级企业法人单位存量，不等同于招聘岗位数。
2024,云南省,711838,个,分省年度数据,国家统计局：企业法人单位数_分省年度数据.xlsx,data/raw/official_statistics/企业法人单位数_分省年度数据.xlsx,原表年份包括2016、2017、2019、2020、2021、2022、2024，缺少2018和2023；该指标为省级企业法人单位存量，不等同于招聘岗位数。
2024,内蒙古自治区,403434,个,分省年度数据,国家统计局：企业法人单位数_分省年度数据.xlsx,data/raw/official_statistics/企业法人单位数_分省年度数据.xlsx,原表年份包括2016、2017、2019、2020、2021、2022、2024，缺少2018和2023；该指标为省级企业法人单位存量，不等同于招聘岗位数。
2024,北京市,1273605,个,分省年度数据,国家统计局：企业法人单位数_分省年度数据.xlsx,data/raw/official_statistics/企业法人单位数_分省年度数据.xlsx,原表年份包括2016、2017、2019、2020、2021、2022、2024，缺少2018和2023；该指标为省级企业法人单位存量，不等同于招聘岗位数。
2024,吉林省,335261,个,分省年度数据,国家统计局：企业法人单位数_分省年度数据.xlsx,data/raw/official_statistics/企业法人单位数_分省年度数据.xlsx,原表年份包括2016、2017、2019、2020、2021、2022、2024，缺少2018和2023；该指标为省级企业法人单位存量，不等同于招聘岗位数。
2024,四川省,1338862,个,分省年度数据,国家统计局：企业法人单位数_分省年度数据.xlsx,data/raw/official_statistics/企业法人单位数_分省年度数据.xlsx,原表年份包括2016、2017、2019、2020、2021、2022、2024，缺少2018和2023；该指标为省级企业法人单位存量，不等同于招聘岗位数。
2024,天津市,430925,个,分省年度数据,国家统计局：企业法人单位数_分省年度数据.xlsx,data/raw/official_statistics/企业法人单位数_分省年度数据.xlsx,原表年份包括2016、2017、2019、2020、2021、2022、2024，缺少2018和2023；该指标为省级企业法人单位存量，不等同于招聘岗位数。
2024,宁夏回族自治区,115861,个,分省年度数据,国家统计局：企业法人单位数_分省年度数据.xlsx,data/raw/official_statistics/企业法人单位数_分省年度数据.xlsx,原表年份包括2016、2017、2019、2020、2021、2022、2024，缺少2018和2023；该指标为省级企业法人单位存量，不等同于招聘岗位数。
2024,安徽省,1390251,个,分省年度数据,国家统计局：企业法人单位数_分省年度数据.xlsx,data/raw/official_statistics/企业法人单位数_分省年度数据.xlsx,原表年份包括2016、2017、2019、2020、2021、2022、2024，缺少2018和2023；该指标为省级企业法人单位存量，不等同于招聘岗位数。
2024,山东省,2887792,个,分省年度数据,国家统计局：企业法人单位数_分省年度数据.xlsx,data/raw/official_statistics/企业法人单位数_分省年度数据.xlsx,原表年份包括2016、2017、2019、2020、2021、2022、2024，缺少2018和2023；该指标为省级企业法人单位存量，不等同于招聘岗位数。
2024,山西省,720531,个,分省年度数据,国家统计局：企业法人单位数_分省年度数据.xlsx,data/raw/official_statistics/企业法人单位数_分省年度数据.xlsx,原表年份包括2016、2017、2019、2020、2021、2022、2024，缺少2018和2023；该指标为省级企业法人单位存量，不等同于招聘岗位数。
2024,广东省,4640153,个,分省年度数据,国家统计局：企业法人单位数_分省年度数据.xlsx,data/raw/official_statistics/企业法人单位数_分省年度数据.xlsx,原表年份包括2016、2017、2019、2020、2021、2022、2024，缺少2018和2023；该指标为省级企业法人单位存量，不等同于招聘岗位数。
2024,广西壮族自治区,599689,个,分省年度数据,国家统计局：企业法人单位数_分省年度数据.xlsx,data/raw/official_statistics/企业法人单位数_分省年度数据.xlsx,原表年份包括2016、2017、2019、2020、2021、2022、2024，缺少2018和2023；该指标为省级企业法人单位存量，不等同于招聘岗位数。
2024,新疆维吾尔自治区,344973,个,分省年度数据,国家统计局：企业法人单位数_分省年度数据.xlsx,data/raw/official_statistics/企业法人单位数_分省年度数据.xlsx,原表年份包括2016、2017、2019、2020、2021、2022、2024，缺少2018和2023；该指标为省级企业法人单位存量，不等同于招聘岗位数。
2024,江苏省,2965872,个,分省年度数据,国家统计局：企业法人单位数_分省年度数据.xlsx,data/raw/official_statistics/企业法人单位数_分省年度数据.xlsx,原表年份包括2016、2017、2019、2020、2021、2022、2024，缺少2018和2023；该指标为省级企业法人单位存量，不等同于招聘岗位数。
2024,江西省,799118,个,分省年度数据,国家统计局：企业法人单位数_分省年度数据.xlsx,data/raw/official_statistics/企业法人单位数_分省年度数据.xlsx,原表年份包括2016、2017、2019、2020、2021、2022、2024，缺少2018和2023；该指标为省级企业法人单位存量，不等同于招聘岗位数。
2024,河北省,1563128,个,分省年度数据,国家统计局：企业法人单位数_分省年度数据.xlsx,data/raw/official_statistics/企业法人单位数_分省年度数据.xlsx,原表年份包括2016、2017、2019、2020、2021、2022、2024，缺少2018和2023；该指标为省级企业法人单位存量，不等同于招聘岗位数。
2024,河南省,2025175,个,分省年度数据,国家统计局：企业法人单位数_分省年度数据.xlsx,data/raw/official_statistics/企业法人单位数_分省年度数据.xlsx,原表年份包括2016、2017、2019、2020、2021、2022、2024，缺少2018和2023；该指标为省级企业法人单位存量，不等同于招聘岗位数。
2024,浙江省,2342597,个,分省年度数据,国家统计局：企业法人单位数_分省年度数据.xlsx,data/raw/official_statistics/企业法人单位数_分省年度数据.xlsx,原表年份包括2016、2017、2019、2020、2021、2022、2024，缺少2018和2023；该指标为省级企业法人单位存量，不等同于招聘岗位数。
2024,海南省,169746,个,分省年度数据,国家统计局：企业法人单位数_分省年度数据.xlsx,data/raw/official_statistics/企业法人单位数_分省年度数据.xlsx,原表年份包括2016、2017、2019、2020、2021、2022、2024，缺少2018和2023；该指标为省级企业法人单位存量，不等同于招聘岗位数。
2024,湖北省,1490324,个,分省年度数据,国家统计局：企业法人单位数_分省年度数据.xlsx,data/raw/official_statistics/企业法人单位数_分省年度数据.xlsx,原表年份包括2016、2017、2019、2020、2021、2022、2024，缺少2018和2023；该指标为省级企业法人单位存量，不等同于招聘岗位数。
2024,湖南省,1002382,个,分省年度数据,国家统计局：企业法人单位数_分省年度数据.xlsx,data/raw/official_statistics/企业法人单位数_分省年度数据.xlsx,原表年份包括2016、2017、2019、2020、2021、2022、2024，缺少2018和2023；该指标为省级企业法人单位存量，不等同于招聘岗位数。
2024,甘肃省,361947,个,分省年度数据,国家统计局：企业法人单位数_分省年度数据.xlsx,data/raw/official_statistics/企业法人单位数_分省年度数据.xlsx,原表年份包括2016、2017、2019、2020、2021、2022、2024，缺少2018和2023；该指标为省级企业法人单位存量，不等同于招聘岗位数。
2024,福建省,1369068,个,分省年度数据,国家统计局：企业法人单位数_分省年度数据.xlsx,data/raw/official_statistics/企业法人单位数_分省年度数据.xlsx,原表年份包括2016、2017、2019、2020、2021、2022、2024，缺少2018和2023；该指标为省级企业法人单位存量，不等同于招聘岗位数。
2024,西藏自治区,75285,个,分省年度数据,国家统计局：企业法人单位数_分省年度数据.xlsx,data/raw/official_statistics/企业法人单位数_分省年度数据.xlsx,原表年份包括2016、2017、2019、2020、2021、2022、2024，缺少2018和2023；该指标为省级企业法人单位存量，不等同于招聘岗位数。
2024,贵州省,552189,个,分省年度数据,国家统计局：企业法人单位数_分省年度数据.xlsx,data/raw/official_statistics/企业法人单位数_分省年度数据.xlsx,原表年份包括2016、2017、2019、2020、2021、2022、2024，缺少2018和2023；该指标为省级企业法人单位存量，不等同于招聘岗位数。
2024,辽宁省,863074,个,分省年度数据,国家统计局：企业法人单位数_分省年度数据.xlsx,data/raw/official_statistics/企业法人单位数_分省年度数据.xlsx,原表年份包括2016、2017、2019、2020、2021、2022、2024，缺少2018和2023；该指标为省级企业法人单位存量，不等同于招聘岗位数。
2024,重庆市,727363,个,分省年度数据,国家统计局：企业法人单位数_分省年度数据.xlsx,data/raw/official_statistics/企业法人单位数_分省年度数据.xlsx,原表年份包括2016、2017、2019、2020、2021、2022、2024，缺少2018和2023；该指标为省级企业法人单位存量，不等同于招聘岗位数。
2024,陕西省,874171,个,分省年度数据,国家统计局：企业法人单位数_分省年度数据.xlsx,data/raw/official_statistics/企业法人单位数_分省年度数据.xlsx,原表年份包括2016、2017、2019、2020、2021、2022、2024，缺少2018和2023；该指标为省级企业法人单位存量，不等同于招聘岗位数。
2024,青海省,87928,个,分省年度数据,国家统计局：企业法人单位数_分省年度数据.xlsx,data/raw/official_statistics/企业法人单位数_分省年度数据.xlsx,原表年份包括2016、2017、2019、2020、2021、2022、2024，缺少2018和2023；该指标为省级企业法人单位存量，不等同于招聘岗位数。
2024,黑龙江省,357876,个,分省年度数据,国家统计局：企业法人单位数_分省年度数据.xlsx,data/raw/official_statistics/企业法人单位数_分省年度数据.xlsx,原表年份包括2016、2017、2019、2020、2021、2022、2024，缺少2018和2023；该指标为省级企业法人单位存量，不等同于招聘岗位数。
