year,province,industry_code,industry_name,legal_person_units,total_units,industry_share,unit,data_scope,source,source_file,source_type,confidence_flag,note
2005,全国,total,合计,5647823,5647823,1,个,全国年度分行业,截图《1-5 分地区按主要行业分法人单位数》,data/raw/official_statistics/legal_person_units_industry_year_image_transcription.csv,image_transcription,needs_review,从截图《1-5 分地区按主要行业分法人单位数》人工转录
2005,全国,agriculture_forestry_animal_fishing,农、林、牧、渔业,68800,5647823,0.01218168487,个,全国年度分行业,截图《1-5 分地区按主要行业分法人单位数》,data/raw/official_statistics/legal_person_units_industry_year_image_transcription.csv,image_transcription,needs_review,从截图《1-5 分地区按主要行业分法人单位数》人工转录
2005,全国,mining,采矿业,89430,5647823,0.01583441974,个,全国年度分行业,截图《1-5 分地区按主要行业分法人单位数》,data/raw/official_statistics/legal_person_units_industry_year_image_transcription.csv,image_transcription,needs_review,从截图《1-5 分地区按主要行业分法人单位数》人工转录
2005,全国,manufacturing,制造业,1451556,5647823,0.2570115954,个,全国年度分行业,截图《1-5 分地区按主要行业分法人单位数》,data/raw/official_statistics/legal_person_units_industry_year_image_transcription.csv,image_transcription,needs_review,从截图《1-5 分地区按主要行业分法人单位数》人工转录
2005,全国,electricity_heat_gas_water,电力、热力、燃气及水生产和供应业,43148,5647823,0.007639757832,个,全国年度分行业,截图《1-5 分地区按主要行业分法人单位数》,data/raw/official_statistics/legal_person_units_industry_year_image_transcription.csv,image_transcription,needs_review,从截图《1-5 分地区按主要行业分法人单位数》人工转录
2005,全国,construction,建筑业,149471,5647823,0.02646524156,个,全国年度分行业,截图《1-5 分地区按主要行业分法人单位数》,data/raw/official_statistics/legal_person_units_industry_year_image_transcription.csv,image_transcription,needs_review,从截图《1-5 分地区按主要行业分法人单位数》人工转录
2005,全国,wholesale_retail,批发和零售业,994953,5647823,0.1761657545,个,全国年度分行业,截图《1-5 分地区按主要行业分法人单位数》,data/raw/official_statistics/legal_person_units_industry_year_image_transcription.csv,image_transcription,needs_review,从截图《1-5 分地区按主要行业分法人单位数》人工转录
2005,全国,transport_storage_postal,交通运输、仓储和邮政业,91565,5647823,0.0162124415,个,全国年度分行业,截图《1-5 分地区按主要行业分法人单位数》,data/raw/official_statistics/legal_person_units_industry_year_image_transcription.csv,image_transcription,needs_review,从截图《1-5 分地区按主要行业分法人单位数》人工转录
2005,全国,accommodation_catering,住宿和餐饮业,101853,5647823,0.01803402833,个,全国年度分行业,截图《1-5 分地区按主要行业分法人单位数》,data/raw/official_statistics/legal_person_units_industry_year_image_transcription.csv,image_transcription,needs_review,从截图《1-5 分地区按主要行业分法人单位数》人工转录
2005,全国,information_software_it,信息传输、软件和信息技术服务业,85499,5647823,0.01513839934,个,全国年度分行业,截图《1-5 分地区按主要行业分法人单位数》,data/raw/official_statistics/legal_person_units_industry_year_image_transcription.csv,image_transcription,needs_review,从截图《1-5 分地区按主要行业分法人单位数》人工转录
2005,全国,finance,金融业,26828,5647823,0.004750148863,个,全国年度分行业,截图《1-5 分地区按主要行业分法人单位数》,data/raw/official_statistics/legal_person_units_industry_year_image_transcription.csv,image_transcription,needs_review,从截图《1-5 分地区按主要行业分法人单位数》人工转录
2005,全国,real_estate,房地产业,148059,5647823,0.02621523373,个,全国年度分行业,截图《1-5 分地区按主要行业分法人单位数》,data/raw/official_statistics/legal_person_units_industry_year_image_transcription.csv,image_transcription,needs_review,从截图《1-5 分地区按主要行业分法人单位数》人工转录
2005,全国,leasing_business_services,租赁和商务服务业,291498,5647823,0.05161245315,个,全国年度分行业,截图《1-5 分地区按主要行业分法人单位数》,data/raw/official_statistics/legal_person_units_industry_year_image_transcription.csv,image_transcription,needs_review,从截图《1-5 分地区按主要行业分法人单位数》人工转录
2005,全国,scientific_research_technical_services,科学研究和技术服务业,153076,5647823,0.0271035406,个,全国年度分行业,截图《1-5 分地区按主要行业分法人单位数》,data/raw/official_statistics/legal_person_units_industry_year_image_transcription.csv,image_transcription,needs_review,从截图《1-5 分地区按主要行业分法人单位数》人工转录
2005,全国,water_environment_public_facilities,水利、环境和公共设施管理业,46847,5647823,0.008294700454,个,全国年度分行业,截图《1-5 分地区按主要行业分法人单位数》,data/raw/official_statistics/legal_person_units_industry_year_image_transcription.csv,image_transcription,needs_review,从截图《1-5 分地区按主要行业分法人单位数》人工转录
2005,全国,resident_repair_other_services,居民服务、修理和其他服务业,93947,5647823,0.01663419693,个,全国年度分行业,截图《1-5 分地区按主要行业分法人单位数》,data/raw/official_statistics/legal_person_units_industry_year_image_transcription.csv,image_transcription,needs_review,从截图《1-5 分地区按主要行业分法人单位数》人工转录
2005,全国,education,教育,305446,5647823,0.05408207729,个,全国年度分行业,截图《1-5 分地区按主要行业分法人单位数》,data/raw/official_statistics/legal_person_units_industry_year_image_transcription.csv,image_transcription,needs_review,从截图《1-5 分地区按主要行业分法人单位数》人工转录
2005,全国,health_social_work,卫生和社会工作,183760,5647823,0.03253643041,个,全国年度分行业,截图《1-5 分地区按主要行业分法人单位数》,data/raw/official_statistics/legal_person_units_industry_year_image_transcription.csv,image_transcription,needs_review,从截图《1-5 分地区按主要行业分法人单位数》人工转录
2005,全国,culture_sports_entertainment,文化、体育和娱乐业,69490,5647823,0.01230385584,个,全国年度分行业,截图《1-5 分地区按主要行业分法人单位数》,data/raw/official_statistics/legal_person_units_industry_year_image_transcription.csv,image_transcription,needs_review,从截图《1-5 分地区按主要行业分法人单位数》人工转录
2005,全国,public_management_social_security_social_org,公共管理、社会保障和社会组织,1252597,5647823,0.2217840396,个,全国年度分行业,截图《1-5 分地区按主要行业分法人单位数》,data/raw/official_statistics/legal_person_units_industry_year_image_transcription.csv,image_transcription,needs_review,从截图《1-5 分地区按主要行业分法人单位数》人工转录
2006,全国,total,合计,6068912,6068912,1,个,全国年度分行业,截图《1-5 分地区按主要行业分法人单位数》,data/raw/official_statistics/legal_person_units_industry_year_image_transcription.csv,image_transcription,needs_review,从截图《1-5 分地区按主要行业分法人单位数》人工转录
2006,全国,agriculture_forestry_animal_fishing,农、林、牧、渔业,78205,6068912,0.01288616477,个,全国年度分行业,截图《1-5 分地区按主要行业分法人单位数》,data/raw/official_statistics/legal_person_units_industry_year_image_transcription.csv,image_transcription,needs_review,从截图《1-5 分地区按主要行业分法人单位数》人工转录
2006,全国,mining,采矿业,93967,6068912,0.0154833354,个,全国年度分行业,截图《1-5 分地区按主要行业分法人单位数》,data/raw/official_statistics/legal_person_units_industry_year_image_transcription.csv,image_transcription,needs_review,从截图《1-5 分地区按主要行业分法人单位数》人工转录
2006,全国,manufacturing,制造业,1579406,6068912,0.260245329,个,全国年度分行业,截图《1-5 分地区按主要行业分法人单位数》,data/raw/official_statistics/legal_person_units_industry_year_image_transcription.csv,image_transcription,needs_review,从截图《1-5 分地区按主要行业分法人单位数》人工转录
2006,全国,electricity_heat_gas_water,电力、热力、燃气及水生产和供应业,45922,6068912,0.007566759907,个,全国年度分行业,截图《1-5 分地区按主要行业分法人单位数》,data/raw/official_statistics/legal_person_units_industry_year_image_transcription.csv,image_transcription,needs_review,从截图《1-5 分地区按主要行业分法人单位数》人工转录
2006,全国,construction,建筑业,170180,6068912,0.02804127,个,全国年度分行业,截图《1-5 分地区按主要行业分法人单位数》,data/raw/official_statistics/legal_person_units_industry_year_image_transcription.csv,image_transcription,needs_review,从截图《1-5 分地区按主要行业分法人单位数》人工转录
2006,全国,wholesale_retail,批发和零售业,1122489,6068912,0.1849572048,个,全国年度分行业,截图《1-5 分地区按主要行业分法人单位数》,data/raw/official_statistics/legal_person_units_industry_year_image_transcription.csv,image_transcription,needs_review,从截图《1-5 分地区按主要行业分法人单位数》人工转录
2006,全国,transport_storage_postal,交通运输、仓储和邮政业,104635,6068912,0.01724114635,个,全国年度分行业,截图《1-5 分地区按主要行业分法人单位数》,data/raw/official_statistics/legal_person_units_industry_year_image_transcription.csv,image_transcription,needs_review,从截图《1-5 分地区按主要行业分法人单位数》人工转录
2006,全国,accommodation_catering,住宿和餐饮业,109892,6068912,0.01810736422,个,全国年度分行业,截图《1-5 分地区按主要行业分法人单位数》,data/raw/official_statistics/legal_person_units_industry_year_image_transcription.csv,image_transcription,needs_review,从截图《1-5 分地区按主要行业分法人单位数》人工转录
2006,全国,information_software_it,信息传输、软件和信息技术服务业,100614,6068912,0.01657858937,个,全国年度分行业,截图《1-5 分地区按主要行业分法人单位数》,data/raw/official_statistics/legal_person_units_industry_year_image_transcription.csv,image_transcription,needs_review,从截图《1-5 分地区按主要行业分法人单位数》人工转录
2006,全国,finance,金融业,29201,6068912,0.004811570838,个,全国年度分行业,截图《1-5 分地区按主要行业分法人单位数》,data/raw/official_statistics/legal_person_units_industry_year_image_transcription.csv,image_transcription,needs_review,从截图《1-5 分地区按主要行业分法人单位数》人工转录
2006,全国,real_estate,房地产业,165865,6068912,0.02733026941,个,全国年度分行业,截图《1-5 分地区按主要行业分法人单位数》,data/raw/official_statistics/legal_person_units_industry_year_image_transcription.csv,image_transcription,needs_review,从截图《1-5 分地区按主要行业分法人单位数》人工转录
2006,全国,leasing_business_services,租赁和商务服务业,331904,6068912,0.05468920953,个,全国年度分行业,截图《1-5 分地区按主要行业分法人单位数》,data/raw/official_statistics/legal_person_units_industry_year_image_transcription.csv,image_transcription,needs_review,从截图《1-5 分地区按主要行业分法人单位数》人工转录
2006,全国,scientific_research_technical_services,科学研究和技术服务业,166240,6068912,0.02739205973,个,全国年度分行业,截图《1-5 分地区按主要行业分法人单位数》,data/raw/official_statistics/legal_person_units_industry_year_image_transcription.csv,image_transcription,needs_review,从截图《1-5 分地区按主要行业分法人单位数》人工转录
2006,全国,water_environment_public_facilities,水利、环境和公共设施管理业,48811,6068912,0.008042792514,个,全国年度分行业,截图《1-5 分地区按主要行业分法人单位数》,data/raw/official_statistics/legal_person_units_industry_year_image_transcription.csv,image_transcription,needs_review,从截图《1-5 分地区按主要行业分法人单位数》人工转录
2006,全国,resident_repair_other_services,居民服务、修理和其他服务业,102228,6068912,0.0168445349,个,全国年度分行业,截图《1-5 分地区按主要行业分法人单位数》,data/raw/official_statistics/legal_person_units_industry_year_image_transcription.csv,image_transcription,needs_review,从截图《1-5 分地区按主要行业分法人单位数》人工转录
2006,全国,education,教育,308760,6068912,0.0508756759,个,全国年度分行业,截图《1-5 分地区按主要行业分法人单位数》,data/raw/official_statistics/legal_person_units_industry_year_image_transcription.csv,image_transcription,needs_review,从截图《1-5 分地区按主要行业分法人单位数》人工转录
2006,全国,health_social_work,卫生和社会工作,185014,6068912,0.03048553019,个,全国年度分行业,截图《1-5 分地区按主要行业分法人单位数》,data/raw/official_statistics/legal_person_units_industry_year_image_transcription.csv,image_transcription,needs_review,从截图《1-5 分地区按主要行业分法人单位数》人工转录
2006,全国,culture_sports_entertainment,文化、体育和娱乐业,72873,6068912,0.01200758884,个,全国年度分行业,截图《1-5 分地区按主要行业分法人单位数》,data/raw/official_statistics/legal_person_units_industry_year_image_transcription.csv,image_transcription,needs_review,从截图《1-5 分地区按主要行业分法人单位数》人工转录
2006,全国,public_management_social_security_social_org,公共管理、社会保障和社会组织,1252706,6068912,0.2064136043,个,全国年度分行业,截图《1-5 分地区按主要行业分法人单位数》,data/raw/official_statistics/legal_person_units_industry_year_image_transcription.csv,image_transcription,needs_review,从截图《1-5 分地区按主要行业分法人单位数》人工转录
2007,全国,total,合计,6495064,6495064,1,个,全国年度分行业,截图《1-5 分地区按主要行业分法人单位数》,data/raw/official_statistics/legal_person_units_industry_year_image_transcription.csv,image_transcription,needs_review,从截图《1-5 分地区按主要行业分法人单位数》人工转录
2007,全国,agriculture_forestry_animal_fishing,农、林、牧、渔业,98546,6495064,0.0151724448,个,全国年度分行业,截图《1-5 分地区按主要行业分法人单位数》,data/raw/official_statistics/legal_person_units_industry_year_image_transcription.csv,image_transcription,needs_review,从截图《1-5 分地区按主要行业分法人单位数》人工转录
2007,全国,mining,采矿业,97678,6495064,0.01503880485,个,全国年度分行业,截图《1-5 分地区按主要行业分法人单位数》,data/raw/official_statistics/legal_person_units_industry_year_image_transcription.csv,image_transcription,needs_review,从截图《1-5 分地区按主要行业分法人单位数》人工转录
2007,全国,manufacturing,制造业,1702455,6495064,0.2621152001,个,全国年度分行业,截图《1-5 分地区按主要行业分法人单位数》,data/raw/official_statistics/legal_person_units_industry_year_image_transcription.csv,image_transcription,needs_review,从截图《1-5 分地区按主要行业分法人单位数》人工转录
2007,全国,electricity_heat_gas_water,电力、热力、燃气及水生产和供应业,49052,6495064,0.00755219656,个,全国年度分行业,截图《1-5 分地区按主要行业分法人单位数》,data/raw/official_statistics/legal_person_units_industry_year_image_transcription.csv,image_transcription,needs_review,从截图《1-5 分地区按主要行业分法人单位数》人工转录
2007,全国,construction,建筑业,190517,6495064,0.0293325824,个,全国年度分行业,截图《1-5 分地区按主要行业分法人单位数》,data/raw/official_statistics/legal_person_units_industry_year_image_transcription.csv,image_transcription,needs_review,从截图《1-5 分地区按主要行业分法人单位数》人工转录
2007,全国,wholesale_retail,批发和零售业,1246042,6495064,0.191844453,个,全国年度分行业,截图《1-5 分地区按主要行业分法人单位数》,data/raw/official_statistics/legal_person_units_industry_year_image_transcription.csv,image_transcription,needs_review,从截图《1-5 分地区按主要行业分法人单位数》人工转录
2007,全国,transport_storage_postal,交通运输、仓储和邮政业,117228,6495064,0.01804878289,个,全国年度分行业,截图《1-5 分地区按主要行业分法人单位数》,data/raw/official_statistics/legal_person_units_industry_year_image_transcription.csv,image_transcription,needs_review,从截图《1-5 分地区按主要行业分法人单位数》人工转录
2007,全国,accommodation_catering,住宿和餐饮业,118173,6495064,0.01819427799,个,全国年度分行业,截图《1-5 分地区按主要行业分法人单位数》,data/raw/official_statistics/legal_person_units_industry_year_image_transcription.csv,image_transcription,needs_review,从截图《1-5 分地区按主要行业分法人单位数》人工转录
2007,全国,information_software_it,信息传输、软件和信息技术服务业,115101,6495064,0.01772130344,个,全国年度分行业,截图《1-5 分地区按主要行业分法人单位数》,data/raw/official_statistics/legal_person_units_industry_year_image_transcription.csv,image_transcription,needs_review,从截图《1-5 分地区按主要行业分法人单位数》人工转录
2007,全国,finance,金融业,31815,6495064,0.004898335105,个,全国年度分行业,截图《1-5 分地区按主要行业分法人单位数》,data/raw/official_statistics/legal_person_units_industry_year_image_transcription.csv,image_transcription,needs_review,从截图《1-5 分地区按主要行业分法人单位数》人工转录
2007,全国,real_estate,房地产业,187444,6495064,0.02885945389,个,全国年度分行业,截图《1-5 分地区按主要行业分法人单位数》,data/raw/official_statistics/legal_person_units_industry_year_image_transcription.csv,image_transcription,needs_review,从截图《1-5 分地区按主要行业分法人单位数》人工转录
2007,全国,leasing_business_services,租赁和商务服务业,368763,6495064,0.05677588396,个,全国年度分行业,截图《1-5 分地区按主要行业分法人单位数》,data/raw/official_statistics/legal_person_units_industry_year_image_transcription.csv,image_transcription,needs_review,从截图《1-5 分地区按主要行业分法人单位数》人工转录
2007,全国,scientific_research_technical_services,科学研究和技术服务业,176677,6495064,0.0272017335,个,全国年度分行业,截图《1-5 分地区按主要行业分法人单位数》,data/raw/official_statistics/legal_person_units_industry_year_image_transcription.csv,image_transcription,needs_review,从截图《1-5 分地区按主要行业分法人单位数》人工转录
2007,全国,water_environment_public_facilities,水利、环境和公共设施管理业,50953,6495064,0.007844880358,个,全国年度分行业,截图《1-5 分地区按主要行业分法人单位数》,data/raw/official_statistics/legal_person_units_industry_year_image_transcription.csv,image_transcription,needs_review,从截图《1-5 分地区按主要行业分法人单位数》人工转录
2007,全国,resident_repair_other_services,居民服务、修理和其他服务业,110525,6495064,0.01701676843,个,全国年度分行业,截图《1-5 分地区按主要行业分法人单位数》,data/raw/official_statistics/legal_person_units_industry_year_image_transcription.csv,image_transcription,needs_review,从截图《1-5 分地区按主要行业分法人单位数》人工转录
2007,全国,education,教育,312339,6495064,0.04808867164,个,全国年度分行业,截图《1-5 分地区按主要行业分法人单位数》,data/raw/official_statistics/legal_person_units_industry_year_image_transcription.csv,image_transcription,needs_review,从截图《1-5 分地区按主要行业分法人单位数》人工转录
2007,全国,health_social_work,卫生和社会工作,187376,6495064,0.0288489844,个,全国年度分行业,截图《1-5 分地区按主要行业分法人单位数》,data/raw/official_statistics/legal_person_units_industry_year_image_transcription.csv,image_transcription,needs_review,从截图《1-5 分地区按主要行业分法人单位数》人工转录
2007,全国,culture_sports_entertainment,文化、体育和娱乐业,76430,6495064,0.01176739752,个,全国年度分行业,截图《1-5 分地区按主要行业分法人单位数》,data/raw/official_statistics/legal_person_units_industry_year_image_transcription.csv,image_transcription,needs_review,从截图《1-5 分地区按主要行业分法人单位数》人工转录
2007,全国,public_management_social_security_social_org,公共管理、社会保障和社会组织,1257950,6495064,0.1936778452,个,全国年度分行业,截图《1-5 分地区按主要行业分法人单位数》,data/raw/official_statistics/legal_person_units_industry_year_image_transcription.csv,image_transcription,needs_review,从截图《1-5 分地区按主要行业分法人单位数》人工转录
2008,全国,total,合计,7214683,7214683,1,个,全国年度分行业,截图《1-5 分地区按主要行业分法人单位数》,data/raw/official_statistics/legal_person_units_industry_year_image_transcription.csv,image_transcription,needs_review,从截图《1-5 分地区按主要行业分法人单位数》人工转录
2008,全国,agriculture_forestry_animal_fishing,农、林、牧、渔业,117941,7214683,0.01634735719,个,全国年度分行业,截图《1-5 分地区按主要行业分法人单位数》,data/raw/official_statistics/legal_person_units_industry_year_image_transcription.csv,image_transcription,needs_review,从截图《1-5 分地区按主要行业分法人单位数》人工转录
2008,全国,mining,采矿业,97315,7214683,0.01348846512,个,全国年度分行业,截图《1-5 分地区按主要行业分法人单位数》,data/raw/official_statistics/legal_person_units_industry_year_image_transcription.csv,image_transcription,needs_review,从截图《1-5 分地区按主要行业分法人单位数》人工转录
2008,全国,manufacturing,制造业,1818370,7214683,0.2520374076,个,全国年度分行业,截图《1-5 分地区按主要行业分法人单位数》,data/raw/official_statistics/legal_person_units_industry_year_image_transcription.csv,image_transcription,needs_review,从截图《1-5 分地区按主要行业分法人单位数》人工转录
2008,全国,electricity_heat_gas_water,电力、热力、燃气及水生产和供应业,57923,7214683,0.00802848857,个,全国年度分行业,截图《1-5 分地区按主要行业分法人单位数》,data/raw/official_statistics/legal_person_units_industry_year_image_transcription.csv,image_transcription,needs_review,从截图《1-5 分地区按主要行业分法人单位数》人工转录
2008,全国,construction,建筑业,226768,7214683,0.03143145721,个,全国年度分行业,截图《1-5 分地区按主要行业分法人单位数》,data/raw/official_statistics/legal_person_units_industry_year_image_transcription.csv,image_transcription,needs_review,从截图《1-5 分地区按主要行业分法人单位数》人工转录
2008,全国,wholesale_retail,批发和零售业,1403141,7214683,0.194484082,个,全国年度分行业,截图《1-5 分地区按主要行业分法人单位数》,data/raw/official_statistics/legal_person_units_industry_year_image_transcription.csv,image_transcription,needs_review,从截图《1-5 分地区按主要行业分法人单位数》人工转录
2008,全国,transport_storage_postal,交通运输、仓储和邮政业,157589,7214683,0.02184281693,个,全国年度分行业,截图《1-5 分地区按主要行业分法人单位数》,data/raw/official_statistics/legal_person_units_industry_year_image_transcription.csv,image_transcription,needs_review,从截图《1-5 分地区按主要行业分法人单位数》人工转录
2008,全国,accommodation_catering,住宿和餐饮业,145297,7214683,0.02013906917,个,全国年度分行业,截图《1-5 分地区按主要行业分法人单位数》,data/raw/official_statistics/legal_person_units_industry_year_image_transcription.csv,image_transcription,needs_review,从截图《1-5 分地区按主要行业分法人单位数》人工转录
2008,全国,information_software_it,信息传输、软件和信息技术服务业,153290,7214683,0.02124694876,个,全国年度分行业,截图《1-5 分地区按主要行业分法人单位数》,data/raw/official_statistics/legal_person_units_industry_year_image_transcription.csv,image_transcription,needs_review,从截图《1-5 分地区按主要行业分法人单位数》人工转录
2008,全国,finance,金融业,28668,7214683,0.003973563357,个,全国年度分行业,截图《1-5 分地区按主要行业分法人单位数》,data/raw/official_statistics/legal_person_units_industry_year_image_transcription.csv,image_transcription,needs_review,从截图《1-5 分地区按主要行业分法人单位数》人工转录
2008,全国,real_estate,房地产业,214391,7214683,0.02971592792,个,全国年度分行业,截图《1-5 分地区按主要行业分法人单位数》,data/raw/official_statistics/legal_person_units_industry_year_image_transcription.csv,image_transcription,needs_review,从截图《1-5 分地区按主要行业分法人单位数》人工转录
2008,全国,leasing_business_services,租赁和商务服务业,427001,7214683,0.05918499815,个,全国年度分行业,截图《1-5 分地区按主要行业分法人单位数》,data/raw/official_statistics/legal_person_units_industry_year_image_transcription.csv,image_transcription,needs_review,从截图《1-5 分地区按主要行业分法人单位数》人工转录
2008,全国,scientific_research_technical_services,科学研究和技术服务业,201689,7214683,0.02795535161,个,全国年度分行业,截图《1-5 分地区按主要行业分法人单位数》,data/raw/official_statistics/legal_person_units_industry_year_image_transcription.csv,image_transcription,needs_review,从截图《1-5 分地区按主要行业分法人单位数》人工转录
2008,全国,water_environment_public_facilities,水利、环境和公共设施管理业,57553,7214683,0.007977204265,个,全国年度分行业,截图《1-5 分地区按主要行业分法人单位数》,data/raw/official_statistics/legal_person_units_industry_year_image_transcription.csv,image_transcription,needs_review,从截图《1-5 分地区按主要行业分法人单位数》人工转录
2008,全国,resident_repair_other_services,居民服务、修理和其他服务业,120467,7214683,0.01669747652,个,全国年度分行业,截图《1-5 分地区按主要行业分法人单位数》,data/raw/official_statistics/legal_person_units_industry_year_image_transcription.csv,image_transcription,needs_review,从截图《1-5 分地区按主要行业分法人单位数》人工转录
2008,全国,education,教育,335065,7214683,0.04644209593,个,全国年度分行业,截图《1-5 分地区按主要行业分法人单位数》,data/raw/official_statistics/legal_person_units_industry_year_image_transcription.csv,image_transcription,needs_review,从截图《1-5 分地区按主要行业分法人单位数》人工转录
2008,全国,health_social_work,卫生和社会工作,206480,7214683,0.02861941405,个,全国年度分行业,截图《1-5 分地区按主要行业分法人单位数》,data/raw/official_statistics/legal_person_units_industry_year_image_transcription.csv,image_transcription,needs_review,从截图《1-5 分地区按主要行业分法人单位数》人工转录
2008,全国,culture_sports_entertainment,文化、体育和娱乐业,81878,7214683,0.01134880077,个,全国年度分行业,截图《1-5 分地区按主要行业分法人单位数》,data/raw/official_statistics/legal_person_units_industry_year_image_transcription.csv,image_transcription,needs_review,从截图《1-5 分地区按主要行业分法人单位数》人工转录
2008,全国,public_management_social_security_social_org,公共管理、社会保障和社会组织,1363835,7214683,0.1890360256,个,全国年度分行业,截图《1-5 分地区按主要行业分法人单位数》,data/raw/official_statistics/legal_person_units_industry_year_image_transcription.csv,image_transcription,needs_review,从截图《1-5 分地区按主要行业分法人单位数》人工转录
2009,全国,total,合计,8003868,8003868,1,个,全国年度分行业,截图《1-5 分地区按主要行业分法人单位数》,data/raw/official_statistics/legal_person_units_industry_year_image_transcription.csv,image_transcription,needs_review,从截图《1-5 分地区按主要行业分法人单位数》人工转录
2009,全国,agriculture_forestry_animal_fishing,农、林、牧、渔业,184764,8003868,0.02308433872,个,全国年度分行业,截图《1-5 分地区按主要行业分法人单位数》,data/raw/official_statistics/legal_person_units_industry_year_image_transcription.csv,image_transcription,needs_review,从截图《1-5 分地区按主要行业分法人单位数》人工转录
2009,全国,mining,采矿业,103403,8003868,0.0129191286,个,全国年度分行业,截图《1-5 分地区按主要行业分法人单位数》,data/raw/official_statistics/legal_person_units_industry_year_image_transcription.csv,image_transcription,needs_review,从截图《1-5 分地区按主要行业分法人单位数》人工转录
2009,全国,manufacturing,制造业,1959254,8003868,0.2447883948,个,全国年度分行业,截图《1-5 分地区按主要行业分法人单位数》,data/raw/official_statistics/legal_person_units_industry_year_image_transcription.csv,image_transcription,needs_review,从截图《1-5 分地区按主要行业分法人单位数》人工转录
2009,全国,electricity_heat_gas_water,电力、热力、燃气及水生产和供应业,62038,8003868,0.00775100239,个,全国年度分行业,截图《1-5 分地区按主要行业分法人单位数》,data/raw/official_statistics/legal_person_units_industry_year_image_transcription.csv,image_transcription,needs_review,从截图《1-5 分地区按主要行业分法人单位数》人工转录
2009,全国,construction,建筑业,261694,8003868,0.03269594151,个,全国年度分行业,截图《1-5 分地区按主要行业分法人单位数》,data/raw/official_statistics/legal_person_units_industry_year_image_transcription.csv,image_transcription,needs_review,从截图《1-5 分地区按主要行业分法人单位数》人工转录
2009,全国,wholesale_retail,批发和零售业,1670315,8003868,0.2086884741,个,全国年度分行业,截图《1-5 分地区按主要行业分法人单位数》,data/raw/official_statistics/legal_person_units_industry_year_image_transcription.csv,image_transcription,needs_review,从截图《1-5 分地区按主要行业分法人单位数》人工转录
2009,全国,transport_storage_postal,交通运输、仓储和邮政业,175914,8003868,0.02197862334,个,全国年度分行业,截图《1-5 分地区按主要行业分法人单位数》,data/raw/official_statistics/legal_person_units_industry_year_image_transcription.csv,image_transcription,needs_review,从截图《1-5 分地区按主要行业分法人单位数》人工转录
2009,全国,accommodation_catering,住宿和餐饮业,154895,8003868,0.01935251806,个,全国年度分行业,截图《1-5 分地区按主要行业分法人单位数》,data/raw/official_statistics/legal_person_units_industry_year_image_transcription.csv,image_transcription,needs_review,从截图《1-5 分地区按主要行业分法人单位数》人工转录
2009,全国,information_software_it,信息传输、软件和信息技术服务业,176326,8003868,0.02203009845,个,全国年度分行业,截图《1-5 分地区按主要行业分法人单位数》,data/raw/official_statistics/legal_person_units_industry_year_image_transcription.csv,image_transcription,needs_review,从截图《1-5 分地区按主要行业分法人单位数》人工转录
2009,全国,finance,金融业,36907,8003868,0.004611145511,个,全国年度分行业,截图《1-5 分地区按主要行业分法人单位数》,data/raw/official_statistics/legal_person_units_industry_year_image_transcription.csv,image_transcription,needs_review,从截图《1-5 分地区按主要行业分法人单位数》人工转录
2009,全国,real_estate,房地产业,244043,8003868,0.03049063278,个,全国年度分行业,截图《1-5 分地区按主要行业分法人单位数》,data/raw/official_statistics/legal_person_units_industry_year_image_transcription.csv,image_transcription,needs_review,从截图《1-5 分地区按主要行业分法人单位数》人工转录
2009,全国,leasing_business_services,租赁和商务服务业,511666,8003868,0.06392734113,个,全国年度分行业,截图《1-5 分地区按主要行业分法人单位数》,data/raw/official_statistics/legal_person_units_industry_year_image_transcription.csv,image_transcription,needs_review,从截图《1-5 分地区按主要行业分法人单位数》人工转录
2009,全国,scientific_research_technical_services,科学研究和技术服务业,233221,8003868,0.02913853652,个,全国年度分行业,截图《1-5 分地区按主要行业分法人单位数》,data/raw/official_statistics/legal_person_units_industry_year_image_transcription.csv,image_transcription,needs_review,从截图《1-5 分地区按主要行业分法人单位数》人工转录
2009,全国,water_environment_public_facilities,水利、环境和公共设施管理业,61740,8003868,0.007713770392,个,全国年度分行业,截图《1-5 分地区按主要行业分法人单位数》,data/raw/official_statistics/legal_person_units_industry_year_image_transcription.csv,image_transcription,needs_review,从截图《1-5 分地区按主要行业分法人单位数》人工转录
2009,全国,resident_repair_other_services,居民服务、修理和其他服务业,141936,8003868,0.01773342589,个,全国年度分行业,截图《1-5 分地区按主要行业分法人单位数》,data/raw/official_statistics/legal_person_units_industry_year_image_transcription.csv,image_transcription,needs_review,从截图《1-5 分地区按主要行业分法人单位数》人工转录
2009,全国,education,教育,342003,8003868,0.04272971518,个,全国年度分行业,截图《1-5 分地区按主要行业分法人单位数》,data/raw/official_statistics/legal_person_units_industry_year_image_transcription.csv,image_transcription,needs_review,从截图《1-5 分地区按主要行业分法人单位数》人工转录
2009,全国,health_social_work,卫生和社会工作,209016,8003868,0.0261143737,个,全国年度分行业,截图《1-5 分地区按主要行业分法人单位数》,data/raw/official_statistics/legal_person_units_industry_year_image_transcription.csv,image_transcription,needs_review,从截图《1-5 分地区按主要行业分法人单位数》人工转录
2009,全国,culture_sports_entertainment,文化、体育和娱乐业,90891,8003868,0.01135588443,个,全国年度分行业,截图《1-5 分地区按主要行业分法人单位数》,data/raw/official_statistics/legal_person_units_industry_year_image_transcription.csv,image_transcription,needs_review,从截图《1-5 分地区按主要行业分法人单位数》人工转录
2009,全国,public_management_social_security_social_org,公共管理、社会保障和社会组织,1383842,8003868,0.1728966545,个,全国年度分行业,截图《1-5 分地区按主要行业分法人单位数》,data/raw/official_statistics/legal_person_units_industry_year_image_transcription.csv,image_transcription,needs_review,从截图《1-5 分地区按主要行业分法人单位数》人工转录
2010,全国,total,合计,8754588,8754588,1,个,全国年度分行业,截图《1-5 分地区按主要行业分法人单位数》,data/raw/official_statistics/legal_person_units_industry_year_image_transcription.csv,image_transcription,needs_review,从截图《1-5 分地区按主要行业分法人单位数》人工转录
2010,全国,agriculture_forestry_animal_fishing,农、林、牧、渔业,242429,8754588,0.02769165151,个,全国年度分行业,截图《1-5 分地区按主要行业分法人单位数》,data/raw/official_statistics/legal_person_units_industry_year_image_transcription.csv,image_transcription,needs_review,从截图《1-5 分地区按主要行业分法人单位数》人工转录
2010,全国,mining,采矿业,104065,8754588,0.01188691004,个,全国年度分行业,截图《1-5 分地区按主要行业分法人单位数》,data/raw/official_statistics/legal_person_units_industry_year_image_transcription.csv,image_transcription,needs_review,从截图《1-5 分地区按主要行业分法人单位数》人工转录
2010,全国,manufacturing,制造业,2098370,8754588,0.2396880356,个,全国年度分行业,截图《1-5 分地区按主要行业分法人单位数》,data/raw/official_statistics/legal_person_units_industry_year_image_transcription.csv,image_transcription,needs_review,从截图《1-5 分地区按主要行业分法人单位数》人工转录
2010,全国,electricity_heat_gas_water,电力、热力、燃气及水生产和供应业,64151,8754588,0.00732770063,个,全国年度分行业,截图《1-5 分地区按主要行业分法人单位数》,data/raw/official_statistics/legal_person_units_industry_year_image_transcription.csv,image_transcription,needs_review,从截图《1-5 分地区按主要行业分法人单位数》人工转录
2010,全国,construction,建筑业,302232,8754588,0.03452269827,个,全国年度分行业,截图《1-5 分地区按主要行业分法人单位数》,data/raw/official_statistics/legal_person_units_industry_year_image_transcription.csv,image_transcription,needs_review,从截图《1-5 分地区按主要行业分法人单位数》人工转录
2010,全国,wholesale_retail,批发和零售业,1965118,8754588,0.2244672165,个,全国年度分行业,截图《1-5 分地区按主要行业分法人单位数》,data/raw/official_statistics/legal_person_units_industry_year_image_transcription.csv,image_transcription,needs_review,从截图《1-5 分地区按主要行业分法人单位数》人工转录
2010,全国,transport_storage_postal,交通运输、仓储和邮政业,195829,8754588,0.02236872826,个,全国年度分行业,截图《1-5 分地区按主要行业分法人单位数》,data/raw/official_statistics/legal_person_units_industry_year_image_transcription.csv,image_transcription,needs_review,从截图《1-5 分地区按主要行业分法人单位数》人工转录
2010,全国,accommodation_catering,住宿和餐饮业,164762,8754588,0.01882007469,个,全国年度分行业,截图《1-5 分地区按主要行业分法人单位数》,data/raw/official_statistics/legal_person_units_industry_year_image_transcription.csv,image_transcription,needs_review,从截图《1-5 分地区按主要行业分法人单位数》人工转录
2010,全国,information_software_it,信息传输、软件和信息技术服务业,191182,8754588,0.02183792087,个,全国年度分行业,截图《1-5 分地区按主要行业分法人单位数》,data/raw/official_statistics/legal_person_units_industry_year_image_transcription.csv,image_transcription,needs_review,从截图《1-5 分地区按主要行业分法人单位数》人工转录
2010,全国,finance,金融业,45512,8754588,0.005198645556,个,全国年度分行业,截图《1-5 分地区按主要行业分法人单位数》,data/raw/official_statistics/legal_person_units_industry_year_image_transcription.csv,image_transcription,needs_review,从截图《1-5 分地区按主要行业分法人单位数》人工转录
2010,全国,real_estate,房地产业,284726,8754588,0.03252306105,个,全国年度分行业,截图《1-5 分地区按主要行业分法人单位数》,data/raw/official_statistics/legal_person_units_industry_year_image_transcription.csv,image_transcription,needs_review,从截图《1-5 分地区按主要行业分法人单位数》人工转录
2010,全国,leasing_business_services,租赁和商务服务业,590478,8754588,0.06744783421,个,全国年度分行业,截图《1-5 分地区按主要行业分法人单位数》,data/raw/official_statistics/legal_person_units_industry_year_image_transcription.csv,image_transcription,needs_review,从截图《1-5 分地区按主要行业分法人单位数》人工转录
2010,全国,scientific_research_technical_services,科学研究和技术服务业,256865,8754588,0.02934061546,个,全国年度分行业,截图《1-5 分地区按主要行业分法人单位数》,data/raw/official_statistics/legal_person_units_industry_year_image_transcription.csv,image_transcription,needs_review,从截图《1-5 分地区按主要行业分法人单位数》人工转录
2010,全国,water_environment_public_facilities,水利、环境和公共设施管理业,64794,8754588,0.007401147832,个,全国年度分行业,截图《1-5 分地区按主要行业分法人单位数》,data/raw/official_statistics/legal_person_units_industry_year_image_transcription.csv,image_transcription,needs_review,从截图《1-5 分地区按主要行业分法人单位数》人工转录
2010,全国,resident_repair_other_services,居民服务、修理和其他服务业,158152,8754588,0.01806504201,个,全国年度分行业,截图《1-5 分地区按主要行业分法人单位数》,data/raw/official_statistics/legal_person_units_industry_year_image_transcription.csv,image_transcription,needs_review,从截图《1-5 分地区按主要行业分法人单位数》人工转录
2010,全国,education,教育,342408,8754588,0.03911183485,个,全国年度分行业,截图《1-5 分地区按主要行业分法人单位数》,data/raw/official_statistics/legal_person_units_industry_year_image_transcription.csv,image_transcription,needs_review,从截图《1-5 分地区按主要行业分法人单位数》人工转录
2010,全国,health_social_work,卫生和社会工作,205778,8754588,0.02350516095,个,全国年度分行业,截图《1-5 分地区按主要行业分法人单位数》,data/raw/official_statistics/legal_person_units_industry_year_image_transcription.csv,image_transcription,needs_review,从截图《1-5 分地区按主要行业分法人单位数》人工转录
2010,全国,culture_sports_entertainment,文化、体育和娱乐业,95633,8754588,0.01092375792,个,全国年度分行业,截图《1-5 分地区按主要行业分法人单位数》,data/raw/official_statistics/legal_person_units_industry_year_image_transcription.csv,image_transcription,needs_review,从截图《1-5 分地区按主要行业分法人单位数》人工转录
2010,全国,public_management_social_security_social_org,公共管理、社会保障和社会组织,1382104,8754588,0.1578719638,个,全国年度分行业,截图《1-5 分地区按主要行业分法人单位数》,data/raw/official_statistics/legal_person_units_industry_year_image_transcription.csv,image_transcription,needs_review,从截图《1-5 分地区按主要行业分法人单位数》人工转录
2011,全国,total,合计,9593729,9593729,1,个,全国年度分行业,截图《1-5 分地区按主要行业分法人单位数》,data/raw/official_statistics/legal_person_units_industry_year_image_transcription.csv,image_transcription,needs_review,从截图《1-5 分地区按主要行业分法人单位数》人工转录
2011,全国,agriculture_forestry_animal_fishing,农、林、牧、渔业,321086,9593729,0.03346832082,个,全国年度分行业,截图《1-5 分地区按主要行业分法人单位数》,data/raw/official_statistics/legal_person_units_industry_year_image_transcription.csv,image_transcription,needs_review,从截图《1-5 分地区按主要行业分法人单位数》人工转录
2011,全国,mining,采矿业,105490,9593729,0.01099572439,个,全国年度分行业,截图《1-5 分地区按主要行业分法人单位数》,data/raw/official_statistics/legal_person_units_industry_year_image_transcription.csv,image_transcription,needs_review,从截图《1-5 分地区按主要行业分法人单位数》人工转录
2011,全国,manufacturing,制造业,2240315,9593729,0.2335186871,个,全国年度分行业,截图《1-5 分地区按主要行业分法人单位数》,data/raw/official_statistics/legal_person_units_industry_year_image_transcription.csv,image_transcription,needs_review,从截图《1-5 分地区按主要行业分法人单位数》人工转录
2011,全国,electricity_heat_gas_water,电力、热力、燃气及水生产和供应业,66652,9593729,0.006947454947,个,全国年度分行业,截图《1-5 分地区按主要行业分法人单位数》,data/raw/official_statistics/legal_person_units_industry_year_image_transcription.csv,image_transcription,needs_review,从截图《1-5 分地区按主要行业分法人单位数》人工转录
2011,全国,construction,建筑业,346026,9593729,0.03606793563,个,全国年度分行业,截图《1-5 分地区按主要行业分法人单位数》,data/raw/official_statistics/legal_person_units_industry_year_image_transcription.csv,image_transcription,needs_review,从截图《1-5 分地区按主要行业分法人单位数》人工转录
2011,全国,wholesale_retail,批发和零售业,2276295,9593729,0.2372690536,个,全国年度分行业,截图《1-5 分地区按主要行业分法人单位数》,data/raw/official_statistics/legal_person_units_industry_year_image_transcription.csv,image_transcription,needs_review,从截图《1-5 分地区按主要行业分法人单位数》人工转录
2011,全国,transport_storage_postal,交通运输、仓储和邮政业,219630,9593729,0.02289307943,个,全国年度分行业,截图《1-5 分地区按主要行业分法人单位数》,data/raw/official_statistics/legal_person_units_industry_year_image_transcription.csv,image_transcription,needs_review,从截图《1-5 分地区按主要行业分法人单位数》人工转录
2011,全国,accommodation_catering,住宿和餐饮业,172070,9593729,0.01793567444,个,全国年度分行业,截图《1-5 分地区按主要行业分法人单位数》,data/raw/official_statistics/legal_person_units_industry_year_image_transcription.csv,image_transcription,needs_review,从截图《1-5 分地区按主要行业分法人单位数》人工转录
2011,全国,information_software_it,信息传输、软件和信息技术服务业,208867,9593729,0.02177120075,个,全国年度分行业,截图《1-5 分地区按主要行业分法人单位数》,data/raw/official_statistics/legal_person_units_industry_year_image_transcription.csv,image_transcription,needs_review,从截图《1-5 分地区按主要行业分法人单位数》人工转录
2011,全国,finance,金融业,55513,9593729,0.005786384001,个,全国年度分行业,截图《1-5 分地区按主要行业分法人单位数》,data/raw/official_statistics/legal_person_units_industry_year_image_transcription.csv,image_transcription,needs_review,从截图《1-5 分地区按主要行业分法人单位数》人工转录
2011,全国,real_estate,房地产业,323985,9593729,0.03377049737,个,全国年度分行业,截图《1-5 分地区按主要行业分法人单位数》,data/raw/official_statistics/legal_person_units_industry_year_image_transcription.csv,image_transcription,needs_review,从截图《1-5 分地区按主要行业分法人单位数》人工转录
2011,全国,leasing_business_services,租赁和商务服务业,687575,9593729,0.07166921225,个,全国年度分行业,截图《1-5 分地区按主要行业分法人单位数》,data/raw/official_statistics/legal_person_units_industry_year_image_transcription.csv,image_transcription,needs_review,从截图《1-5 分地区按主要行业分法人单位数》人工转录
2011,全国,scientific_research_technical_services,科学研究和技术服务业,283777,9593729,0.02957942631,个,全国年度分行业,截图《1-5 分地区按主要行业分法人单位数》,data/raw/official_statistics/legal_person_units_industry_year_image_transcription.csv,image_transcription,needs_review,从截图《1-5 分地区按主要行业分法人单位数》人工转录
2011,全国,water_environment_public_facilities,水利、环境和公共设施管理业,69186,9593729,0.007211585818,个,全国年度分行业,截图《1-5 分地区按主要行业分法人单位数》,data/raw/official_statistics/legal_person_units_industry_year_image_transcription.csv,image_transcription,needs_review,从截图《1-5 分地区按主要行业分法人单位数》人工转录
2011,全国,resident_repair_other_services,居民服务、修理和其他服务业,175813,9593729,0.01832582513,个,全国年度分行业,截图《1-5 分地区按主要行业分法人单位数》,data/raw/official_statistics/legal_person_units_industry_year_image_transcription.csv,image_transcription,needs_review,从截图《1-5 分地区按主要行业分法人单位数》人工转录
2011,全国,education,教育,346390,9593729,0.03610587708,个,全国年度分行业,截图《1-5 分地区按主要行业分法人单位数》,data/raw/official_statistics/legal_person_units_industry_year_image_transcription.csv,image_transcription,needs_review,从截图《1-5 分地区按主要行业分法人单位数》人工转录
2011,全国,health_social_work,卫生和社会工作,205173,9593729,0.02138615756,个,全国年度分行业,截图《1-5 分地区按主要行业分法人单位数》,data/raw/official_statistics/legal_person_units_industry_year_image_transcription.csv,image_transcription,needs_review,从截图《1-5 分地区按主要行业分法人单位数》人工转录
2011,全国,culture_sports_entertainment,文化、体育和娱乐业,102775,9593729,0.01071272703,个,全国年度分行业,截图《1-5 分地区按主要行业分法人单位数》,data/raw/official_statistics/legal_person_units_industry_year_image_transcription.csv,image_transcription,needs_review,从截图《1-5 分地区按主要行业分法人单位数》人工转录
2011,全国,public_management_social_security_social_org,公共管理、社会保障和社会组织,1387111,9593729,0.1445851764,个,全国年度分行业,截图《1-5 分地区按主要行业分法人单位数》,data/raw/official_statistics/legal_person_units_industry_year_image_transcription.csv,image_transcription,needs_review,从截图《1-5 分地区按主要行业分法人单位数》人工转录
2012,全国,total,合计,10616530,10616530,1,个,全国年度分行业,截图《1-5 分地区按主要行业分法人单位数》,data/raw/official_statistics/legal_person_units_industry_year_image_transcription.csv,image_transcription,needs_review,从截图《1-5 分地区按主要行业分法人单位数》人工转录
2012,全国,agriculture_forestry_animal_fishing,农、林、牧、渔业,440853,10616530,0.04152514993,个,全国年度分行业,截图《1-5 分地区按主要行业分法人单位数》,data/raw/official_statistics/legal_person_units_industry_year_image_transcription.csv,image_transcription,needs_review,从截图《1-5 分地区按主要行业分法人单位数》人工转录
2012,全国,mining,采矿业,107596,10616530,0.01013476155,个,全国年度分行业,截图《1-5 分地区按主要行业分法人单位数》,data/raw/official_statistics/legal_person_units_industry_year_image_transcription.csv,image_transcription,needs_review,从截图《1-5 分地区按主要行业分法人单位数》人工转录
2012,全国,manufacturing,制造业,2380759,10616530,0.2242502023,个,全国年度分行业,截图《1-5 分地区按主要行业分法人单位数》,data/raw/official_statistics/legal_person_units_industry_year_image_transcription.csv,image_transcription,needs_review,从截图《1-5 分地区按主要行业分法人单位数》人工转录
2012,全国,electricity_heat_gas_water,电力、热力、燃气及水生产和供应业,69947,10616530,0.006588499255,个,全国年度分行业,截图《1-5 分地区按主要行业分法人单位数》,data/raw/official_statistics/legal_person_units_industry_year_image_transcription.csv,image_transcription,needs_review,从截图《1-5 分地区按主要行业分法人单位数》人工转录
2012,全国,construction,建筑业,391392,10616530,0.03686628305,个,全国年度分行业,截图《1-5 分地区按主要行业分法人单位数》,data/raw/official_statistics/legal_person_units_industry_year_image_transcription.csv,image_transcription,needs_review,从截图《1-5 分地区按主要行业分法人单位数》人工转录
2012,全国,wholesale_retail,批发和零售业,2630690,10616530,0.2477918868,个,全国年度分行业,截图《1-5 分地区按主要行业分法人单位数》,data/raw/official_statistics/legal_person_units_industry_year_image_transcription.csv,image_transcription,needs_review,从截图《1-5 分地区按主要行业分法人单位数》人工转录
2012,全国,transport_storage_postal,交通运输、仓储和邮政业,249832,10616530,0.02353235944,个,全国年度分行业,截图《1-5 分地区按主要行业分法人单位数》,data/raw/official_statistics/legal_person_units_industry_year_image_transcription.csv,image_transcription,needs_review,从截图《1-5 分地区按主要行业分法人单位数》人工转录
2012,全国,accommodation_catering,住宿和餐饮业,186837,10616530,0.01759868808,个,全国年度分行业,截图《1-5 分地区按主要行业分法人单位数》,data/raw/official_statistics/legal_person_units_industry_year_image_transcription.csv,image_transcription,needs_review,从截图《1-5 分地区按主要行业分法人单位数》人工转录
2012,全国,information_software_it,信息传输、软件和信息技术服务业,245669,10616530,0.02314023509,个,全国年度分行业,截图《1-5 分地区按主要行业分法人单位数》,data/raw/official_statistics/legal_person_units_industry_year_image_transcription.csv,image_transcription,needs_review,从截图《1-5 分地区按主要行业分法人单位数》人工转录
2012,全国,finance,金融业,67554,10616530,0.00636309604,个,全国年度分行业,截图《1-5 分地区按主要行业分法人单位数》,data/raw/official_statistics/legal_person_units_industry_year_image_transcription.csv,image_transcription,needs_review,从截图《1-5 分地区按主要行业分法人单位数》人工转录
2012,全国,real_estate,房地产业,356717,10616530,0.03360014995,个,全国年度分行业,截图《1-5 分地区按主要行业分法人单位数》,data/raw/official_statistics/legal_person_units_industry_year_image_transcription.csv,image_transcription,needs_review,从截图《1-5 分地区按主要行业分法人单位数》人工转录
2012,全国,leasing_business_services,租赁和商务服务业,813851,10616530,0.07665885181,个,全国年度分行业,截图《1-5 分地区按主要行业分法人单位数》,data/raw/official_statistics/legal_person_units_industry_year_image_transcription.csv,image_transcription,needs_review,从截图《1-5 分地区按主要行业分法人单位数》人工转录
2012,全国,scientific_research_technical_services,科学研究和技术服务业,324932,10616530,0.03060623386,个,全国年度分行业,截图《1-5 分地区按主要行业分法人单位数》,data/raw/official_statistics/legal_person_units_industry_year_image_transcription.csv,image_transcription,needs_review,从截图《1-5 分地区按主要行业分法人单位数》人工转录
2012,全国,water_environment_public_facilities,水利、环境和公共设施管理业,75981,10616530,0.00715685822,个,全国年度分行业,截图《1-5 分地区按主要行业分法人单位数》,data/raw/official_statistics/legal_person_units_industry_year_image_transcription.csv,image_transcription,needs_review,从截图《1-5 分地区按主要行业分法人单位数》人工转录
2012,全国,resident_repair_other_services,居民服务、修理和其他服务业,196880,10616530,0.01854466572,个,全国年度分行业,截图《1-5 分地区按主要行业分法人单位数》,data/raw/official_statistics/legal_person_units_industry_year_image_transcription.csv,image_transcription,needs_review,从截图《1-5 分地区按主要行业分法人单位数》人工转录
2012,全国,education,教育,355072,10616530,0.03344520291,个,全国年度分行业,截图《1-5 分地区按主要行业分法人单位数》,data/raw/official_statistics/legal_person_units_industry_year_image_transcription.csv,image_transcription,needs_review,从截图《1-5 分地区按主要行业分法人单位数》人工转录
2012,全国,health_social_work,卫生和社会工作,206885,10616530,0.01948706404,个,全国年度分行业,截图《1-5 分地区按主要行业分法人单位数》,data/raw/official_statistics/legal_person_units_industry_year_image_transcription.csv,image_transcription,needs_review,从截图《1-5 分地区按主要行业分法人单位数》人工转录
2012,全国,culture_sports_entertainment,文化、体育和娱乐业,121126,10616530,0.01140918925,个,全国年度分行业,截图《1-5 分地区按主要行业分法人单位数》,data/raw/official_statistics/legal_person_units_industry_year_image_transcription.csv,image_transcription,needs_review,从截图《1-5 分地区按主要行业分法人单位数》人工转录
2012,全国,public_management_social_security_social_org,公共管理、社会保障和社会组织,1393955,10616530,0.1313004343,个,全国年度分行业,截图《1-5 分地区按主要行业分法人单位数》,data/raw/official_statistics/legal_person_units_industry_year_image_transcription.csv,image_transcription,needs_review,从截图《1-5 分地区按主要行业分法人单位数》人工转录
2013,全国,total,合计,11258282,11258282,1,个,全国年度分行业,截图《1-5 分地区按主要行业分法人单位数》,data/raw/official_statistics/legal_person_units_industry_year_image_transcription.csv,image_transcription,needs_review,2013年截图注释说明不包括金融业等部分数据；金融业留空
2013,全国,agriculture_forestry_animal_fishing,农、林、牧、渔业,594495,11258282,0.05280512604,个,全国年度分行业,截图《1-5 分地区按主要行业分法人单位数》,data/raw/official_statistics/legal_person_units_industry_year_image_transcription.csv,image_transcription,needs_review,2013年截图注释说明不包括金融业等部分数据；金融业留空
2013,全国,mining,采矿业,89112,11258282,0.007915239643,个,全国年度分行业,截图《1-5 分地区按主要行业分法人单位数》,data/raw/official_statistics/legal_person_units_industry_year_image_transcription.csv,image_transcription,needs_review,2013年截图注释说明不包括金融业等部分数据；金融业留空
2013,全国,manufacturing,制造业,2252225,11258282,0.200050505,个,全国年度分行业,截图《1-5 分地区按主要行业分法人单位数》,data/raw/official_statistics/legal_person_units_industry_year_image_transcription.csv,image_transcription,needs_review,2013年截图注释说明不包括金融业等部分数据；金融业留空
2013,全国,electricity_heat_gas_water,电力、热力、燃气及水生产和供应业,70409,11258282,0.006253973741,个,全国年度分行业,截图《1-5 分地区按主要行业分法人单位数》,data/raw/official_statistics/legal_person_units_industry_year_image_transcription.csv,image_transcription,needs_review,2013年截图注释说明不包括金融业等部分数据；金融业留空
2013,全国,construction,建筑业,347519,11258282,0.03086785355,个,全国年度分行业,截图《1-5 分地区按主要行业分法人单位数》,data/raw/official_statistics/legal_person_units_industry_year_image_transcription.csv,image_transcription,needs_review,2013年截图注释说明不包括金融业等部分数据；金融业留空
2013,全国,wholesale_retail,批发和零售业,2810531,11258282,0.2496411975,个,全国年度分行业,截图《1-5 分地区按主要行业分法人单位数》,data/raw/official_statistics/legal_person_units_industry_year_image_transcription.csv,image_transcription,needs_review,2013年截图注释说明不包括金融业等部分数据；金融业留空
2013,全国,transport_storage_postal,交通运输、仓储和邮政业,262048,11258282,0.02327602027,个,全国年度分行业,截图《1-5 分地区按主要行业分法人单位数》,data/raw/official_statistics/legal_person_units_industry_year_image_transcription.csv,image_transcription,needs_review,2013年截图注释说明不包括金融业等部分数据；金融业留空
2013,全国,accommodation_catering,住宿和餐饮业,199592,11258282,0.01772845981,个,全国年度分行业,截图《1-5 分地区按主要行业分法人单位数》,data/raw/official_statistics/legal_person_units_industry_year_image_transcription.csv,image_transcription,needs_review,2013年截图注释说明不包括金融业等部分数据；金融业留空
2013,全国,information_software_it,信息传输、软件和信息技术服务业,226107,11258282,0.02008361489,个,全国年度分行业,截图《1-5 分地区按主要行业分法人单位数》,data/raw/official_statistics/legal_person_units_industry_year_image_transcription.csv,image_transcription,needs_review,2013年截图注释说明不包括金融业等部分数据；金融业留空
2013,全国,finance,金融业,,11258282,,个,全国年度分行业,截图《1-5 分地区按主要行业分法人单位数》,data/raw/official_statistics/legal_person_units_industry_year_image_transcription.csv,image_transcription,needs_review,2013年截图注释说明不包括金融业等部分数据；金融业留空
2013,全国,real_estate,房地产业,343924,11258282,0.03054853307,个,全国年度分行业,截图《1-5 分地区按主要行业分法人单位数》,data/raw/official_statistics/legal_person_units_industry_year_image_transcription.csv,image_transcription,needs_review,2013年截图注释说明不包括金融业等部分数据；金融业留空
2013,全国,leasing_business_services,租赁和商务服务业,916953,11258282,0.08144697388,个,全国年度分行业,截图《1-5 分地区按主要行业分法人单位数》,data/raw/official_statistics/legal_person_units_industry_year_image_transcription.csv,image_transcription,needs_review,2013年截图注释说明不包括金融业等部分数据；金融业留空
2013,全国,scientific_research_technical_services,科学研究和技术服务业,455778,11258282,0.04048379673,个,全国年度分行业,截图《1-5 分地区按主要行业分法人单位数》,data/raw/official_statistics/legal_person_units_industry_year_image_transcription.csv,image_transcription,needs_review,2013年截图注释说明不包括金融业等部分数据；金融业留空
2013,全国,water_environment_public_facilities,水利、环境和公共设施管理业,84803,11258282,0.007532499186,个,全国年度分行业,截图《1-5 分地区按主要行业分法人单位数》,data/raw/official_statistics/legal_person_units_industry_year_image_transcription.csv,image_transcription,needs_review,2013年截图注释说明不包括金融业等部分数据；金融业留空
2013,全国,resident_repair_other_services,居民服务、修理和其他服务业,190692,11258282,0.01693793067,个,全国年度分行业,截图《1-5 分地区按主要行业分法人单位数》,data/raw/official_statistics/legal_person_units_industry_year_image_transcription.csv,image_transcription,needs_review,2013年截图注释说明不包括金融业等部分数据；金融业留空
2013,全国,education,教育,413908,11258282,0.03676475683,个,全国年度分行业,截图《1-5 分地区按主要行业分法人单位数》,data/raw/official_statistics/legal_person_units_industry_year_image_transcription.csv,image_transcription,needs_review,2013年截图注释说明不包括金融业等部分数据；金融业留空
2013,全国,health_social_work,卫生和社会工作,249567,11258282,0.02216741418,个,全国年度分行业,截图《1-5 分地区按主要行业分法人单位数》,data/raw/official_statistics/legal_person_units_industry_year_image_transcription.csv,image_transcription,needs_review,2013年截图注释说明不包括金融业等部分数据；金融业留空
2013,全国,culture_sports_entertainment,文化、体育和娱乐业,230544,11258282,0.02047772475,个,全国年度分行业,截图《1-5 分地区按主要行业分法人单位数》,data/raw/official_statistics/legal_person_units_industry_year_image_transcription.csv,image_transcription,needs_review,2013年截图注释说明不包括金融业等部分数据；金融业留空
2013,全国,public_management_social_security_social_org,公共管理、社会保障和社会组织,1520075,11258282,0.1350183802,个,全国年度分行业,截图《1-5 分地区按主要行业分法人单位数》,data/raw/official_statistics/legal_person_units_industry_year_image_transcription.csv,image_transcription,needs_review,2013年截图注释说明不包括金融业等部分数据；金融业留空
2014,全国,total,合计,13701440,13701440,1,个,全国年度分行业,截图《1-5 分地区按主要行业分法人单位数》,data/raw/official_statistics/legal_person_units_industry_year_image_transcription.csv,image_transcription,needs_review,从截图《1-5 分地区按主要行业分法人单位数》人工转录
2014,全国,agriculture_forestry_animal_fishing,农、林、牧、渔业,951045,13701440,0.0694120472,个,全国年度分行业,截图《1-5 分地区按主要行业分法人单位数》,data/raw/official_statistics/legal_person_units_industry_year_image_transcription.csv,image_transcription,needs_review,从截图《1-5 分地区按主要行业分法人单位数》人工转录
2014,全国,mining,采矿业,101673,13701440,0.007420606885,个,全国年度分行业,截图《1-5 分地区按主要行业分法人单位数》,data/raw/official_statistics/legal_person_units_industry_year_image_transcription.csv,image_transcription,needs_review,从截图《1-5 分地区按主要行业分法人单位数》人工转录
2014,全国,manufacturing,制造业,2616671,13701440,0.1909778096,个,全国年度分行业,截图《1-5 分地区按主要行业分法人单位数》,data/raw/official_statistics/legal_person_units_industry_year_image_transcription.csv,image_transcription,needs_review,从截图《1-5 分地区按主要行业分法人单位数》人工转录
2014,全国,electricity_heat_gas_water,电力、热力、燃气及水生产和供应业,79679,13701440,0.00581537415,个,全国年度分行业,截图《1-5 分地区按主要行业分法人单位数》,data/raw/official_statistics/legal_person_units_industry_year_image_transcription.csv,image_transcription,needs_review,从截图《1-5 分地区按主要行业分法人单位数》人工转录
2014,全国,construction,建筑业,464975,13701440,0.033936214,个,全国年度分行业,截图《1-5 分地区按主要行业分法人单位数》,data/raw/official_statistics/legal_person_units_industry_year_image_transcription.csv,image_transcription,needs_review,从截图《1-5 分地区按主要行业分法人单位数》人工转录
2014,全国,wholesale_retail,批发和零售业,3513338,13701440,0.2564210769,个,全国年度分行业,截图《1-5 分地区按主要行业分法人单位数》,data/raw/official_statistics/legal_person_units_industry_year_image_transcription.csv,image_transcription,needs_review,从截图《1-5 分地区按主要行业分法人单位数》人工转录
2014,全国,transport_storage_postal,交通运输、仓储和邮政业,323044,13701440,0.02357737581,个,全国年度分行业,截图《1-5 分地区按主要行业分法人单位数》,data/raw/official_statistics/legal_person_units_industry_year_image_transcription.csv,image_transcription,needs_review,从截图《1-5 分地区按主要行业分法人单位数》人工转录
2014,全国,accommodation_catering,住宿和餐饮业,235337,13701440,0.01717607784,个,全国年度分行业,截图《1-5 分地区按主要行业分法人单位数》,data/raw/official_statistics/legal_person_units_industry_year_image_transcription.csv,image_transcription,needs_review,从截图《1-5 分地区按主要行业分法人单位数》人工转录
2014,全国,information_software_it,信息传输、软件和信息技术服务业,289162,13701440,0.02110449705,个,全国年度分行业,截图《1-5 分地区按主要行业分法人单位数》,data/raw/official_statistics/legal_person_units_industry_year_image_transcription.csv,image_transcription,needs_review,从截图《1-5 分地区按主要行业分法人单位数》人工转录
2014,全国,finance,金融业,91583,13701440,0.006684187939,个,全国年度分行业,截图《1-5 分地区按主要行业分法人单位数》,data/raw/official_statistics/legal_person_units_industry_year_image_transcription.csv,image_transcription,needs_review,从截图《1-5 分地区按主要行业分法人单位数》人工转录
2014,全国,real_estate,房地产业,419618,13701440,0.03062583203,个,全国年度分行业,截图《1-5 分地区按主要行业分法人单位数》,data/raw/official_statistics/legal_person_units_industry_year_image_transcription.csv,image_transcription,needs_review,从截图《1-5 分地区按主要行业分法人单位数》人工转录
2014,全国,leasing_business_services,租赁和商务服务业,1161947,13701440,0.08480473585,个,全国年度分行业,截图《1-5 分地区按主要行业分法人单位数》,data/raw/official_statistics/legal_person_units_industry_year_image_transcription.csv,image_transcription,needs_review,从截图《1-5 分地区按主要行业分法人单位数》人工转录
2014,全国,scientific_research_technical_services,科学研究和技术服务业,544309,13701440,0.03972640832,个,全国年度分行业,截图《1-5 分地区按主要行业分法人单位数》,data/raw/official_statistics/legal_person_units_industry_year_image_transcription.csv,image_transcription,needs_review,从截图《1-5 分地区按主要行业分法人单位数》人工转录
2014,全国,water_environment_public_facilities,水利、环境和公共设施管理业,97522,13701440,0.007117646028,个,全国年度分行业,截图《1-5 分地区按主要行业分法人单位数》,data/raw/official_statistics/legal_person_units_industry_year_image_transcription.csv,image_transcription,needs_review,从截图《1-5 分地区按主要行业分法人单位数》人工转录
2014,全国,resident_repair_other_services,居民服务、修理和其他服务业,242251,13701440,0.01768069634,个,全国年度分行业,截图《1-5 分地区按主要行业分法人单位数》,data/raw/official_statistics/legal_person_units_industry_year_image_transcription.csv,image_transcription,needs_review,从截图《1-5 分地区按主要行业分法人单位数》人工转录
2014,全国,education,教育,444038,13701440,0.03240812645,个,全国年度分行业,截图《1-5 分地区按主要行业分法人单位数》,data/raw/official_statistics/legal_person_units_industry_year_image_transcription.csv,image_transcription,needs_review,从截图《1-5 分地区按主要行业分法人单位数》人工转录
2014,全国,health_social_work,卫生和社会工作,266537,13701440,0.01945321076,个,全国年度分行业,截图《1-5 分地区按主要行业分法人单位数》,data/raw/official_statistics/legal_person_units_industry_year_image_transcription.csv,image_transcription,needs_review,从截图《1-5 分地区按主要行业分法人单位数》人工转录
2014,全国,culture_sports_entertainment,文化、体育和娱乐业,263384,13701440,0.01922308896,个,全国年度分行业,截图《1-5 分地区按主要行业分法人单位数》,data/raw/official_statistics/legal_person_units_industry_year_image_transcription.csv,image_transcription,needs_review,从截图《1-5 分地区按主要行业分法人单位数》人工转录
2014,全国,public_management_social_security_social_org,公共管理、社会保障和社会组织,1596327,13701440,0.1165079729,个,全国年度分行业,截图《1-5 分地区按主要行业分法人单位数》,data/raw/official_statistics/legal_person_units_industry_year_image_transcription.csv,image_transcription,needs_review,从截图《1-5 分地区按主要行业分法人单位数》人工转录
2015,全国,total,合计,15729199,15729199,1,个,全国年度分行业,截图《1-5 分地区按主要行业分法人单位数》,data/raw/official_statistics/legal_person_units_industry_year_image_transcription.csv,image_transcription,needs_review,从截图《1-5 分地区按主要行业分法人单位数》人工转录
2015,全国,agriculture_forestry_animal_fishing,农、林、牧、渔业,1204724,15729199,0.07659156706,个,全国年度分行业,截图《1-5 分地区按主要行业分法人单位数》,data/raw/official_statistics/legal_person_units_industry_year_image_transcription.csv,image_transcription,needs_review,从截图《1-5 分地区按主要行业分法人单位数》人工转录
2015,全国,mining,采矿业,103426,15729199,0.006575414298,个,全国年度分行业,截图《1-5 分地区按主要行业分法人单位数》,data/raw/official_statistics/legal_person_units_industry_year_image_transcription.csv,image_transcription,needs_review,从截图《1-5 分地区按主要行业分法人单位数》人工转录
2015,全国,manufacturing,制造业,2801143,15729199,0.1780855465,个,全国年度分行业,截图《1-5 分地区按主要行业分法人单位数》,data/raw/official_statistics/legal_person_units_industry_year_image_transcription.csv,image_transcription,needs_review,从截图《1-5 分地区按主要行业分法人单位数》人工转录
2015,全国,electricity_heat_gas_water,电力、热力、燃气及水生产和供应业,87486,15729199,0.005562012408,个,全国年度分行业,截图《1-5 分地区按主要行业分法人单位数》,data/raw/official_statistics/legal_person_units_industry_year_image_transcription.csv,image_transcription,needs_review,从截图《1-5 分地区按主要行业分法人单位数》人工转录
2015,全国,construction,建筑业,574128,15729199,0.03650077795,个,全国年度分行业,截图《1-5 分地区按主要行业分法人单位数》,data/raw/official_statistics/legal_person_units_industry_year_image_transcription.csv,image_transcription,needs_review,从截图《1-5 分地区按主要行业分法人单位数》人工转录
2015,全国,wholesale_retail,批发和零售业,4199026,15729199,0.2669573956,个,全国年度分行业,截图《1-5 分地区按主要行业分法人单位数》,data/raw/official_statistics/legal_person_units_industry_year_image_transcription.csv,image_transcription,needs_review,从截图《1-5 分地区按主要行业分法人单位数》人工转录
2015,全国,transport_storage_postal,交通运输、仓储和邮政业,378705,15729199,0.02407655978,个,全国年度分行业,截图《1-5 分地区按主要行业分法人单位数》,data/raw/official_statistics/legal_person_units_industry_year_image_transcription.csv,image_transcription,needs_review,从截图《1-5 分地区按主要行业分法人单位数》人工转录
2015,全国,accommodation_catering,住宿和餐饮业,274283,15729199,0.01743782376,个,全国年度分行业,截图《1-5 分地区按主要行业分法人单位数》,data/raw/official_statistics/legal_person_units_industry_year_image_transcription.csv,image_transcription,needs_review,从截图《1-5 分地区按主要行业分法人单位数》人工转录
2015,全国,information_software_it,信息传输、软件和信息技术服务业,387842,15729199,0.02465745395,个,全国年度分行业,截图《1-5 分地区按主要行业分法人单位数》,data/raw/official_statistics/legal_person_units_industry_year_image_transcription.csv,image_transcription,needs_review,从截图《1-5 分地区按主要行业分法人单位数》人工转录
2015,全国,finance,金融业,109711,15729199,0.006974989636,个,全国年度分行业,截图《1-5 分地区按主要行业分法人单位数》,data/raw/official_statistics/legal_person_units_industry_year_image_transcription.csv,image_transcription,needs_review,从截图《1-5 分地区按主要行业分法人单位数》人工转录
2015,全国,real_estate,房地产业,466100,15729199,0.02963278677,个,全国年度分行业,截图《1-5 分地区按主要行业分法人单位数》,data/raw/official_statistics/legal_person_units_industry_year_image_transcription.csv,image_transcription,needs_review,从截图《1-5 分地区按主要行业分法人单位数》人工转录
2015,全国,leasing_business_services,租赁和商务服务业,1440572,15729199,0.09158584617,个,全国年度分行业,截图《1-5 分地区按主要行业分法人单位数》,data/raw/official_statistics/legal_person_units_industry_year_image_transcription.csv,image_transcription,needs_review,从截图《1-5 分地区按主要行业分法人单位数》人工转录
2015,全国,scientific_research_technical_services,科学研究和技术服务业,661022,15729199,0.04202515335,个,全国年度分行业,截图《1-5 分地区按主要行业分法人单位数》,data/raw/official_statistics/legal_person_units_industry_year_image_transcription.csv,image_transcription,needs_review,从截图《1-5 分地区按主要行业分法人单位数》人工转录
2015,全国,water_environment_public_facilities,水利、环境和公共设施管理业,108069,15729199,0.006870597797,个,全国年度分行业,截图《1-5 分地区按主要行业分法人单位数》,data/raw/official_statistics/legal_person_units_industry_year_image_transcription.csv,image_transcription,needs_review,从截图《1-5 分地区按主要行业分法人单位数》人工转录
2015,全国,resident_repair_other_services,居民服务、修理和其他服务业,298958,15729199,0.01900656225,个,全国年度分行业,截图《1-5 分地区按主要行业分法人单位数》,data/raw/official_statistics/legal_person_units_industry_year_image_transcription.csv,image_transcription,needs_review,从截图《1-5 分地区按主要行业分法人单位数》人工转录
2015,全国,education,教育,461451,15729199,0.02933722181,个,全国年度分行业,截图《1-5 分地区按主要行业分法人单位数》,data/raw/official_statistics/legal_person_units_industry_year_image_transcription.csv,image_transcription,needs_review,从截图《1-5 分地区按主要行业分法人单位数》人工转录
2015,全国,health_social_work,卫生和社会工作,271571,15729199,0.01726540557,个,全国年度分行业,截图《1-5 分地区按主要行业分法人单位数》,data/raw/official_statistics/legal_person_units_industry_year_image_transcription.csv,image_transcription,needs_review,从截图《1-5 分地区按主要行业分法人单位数》人工转录
2015,全国,culture_sports_entertainment,文化、体育和娱乐业,297274,15729199,0.01889950022,个,全国年度分行业,截图《1-5 分地区按主要行业分法人单位数》,data/raw/official_statistics/legal_person_units_industry_year_image_transcription.csv,image_transcription,needs_review,从截图《1-5 分地区按主要行业分法人单位数》人工转录
2015,全国,public_management_social_security_social_org,公共管理、社会保障和社会组织,1603708,15729199,0.1019573851,个,全国年度分行业,截图《1-5 分地区按主要行业分法人单位数》,data/raw/official_statistics/legal_person_units_industry_year_image_transcription.csv,image_transcription,needs_review,从截图《1-5 分地区按主要行业分法人单位数》人工转录
2016,全国,total,合计,18191382,18191382,1,个,全国年度分行业,截图《1-5 分地区按主要行业分法人单位数》,data/raw/official_statistics/legal_person_units_industry_year_image_transcription.csv,image_transcription,needs_review,从截图《1-5 分地区按主要行业分法人单位数》人工转录
2016,全国,agriculture_forestry_animal_fishing,农、林、牧、渔业,1481473,18191382,0.0814381777,个,全国年度分行业,截图《1-5 分地区按主要行业分法人单位数》,data/raw/official_statistics/legal_person_units_industry_year_image_transcription.csv,image_transcription,needs_review,从截图《1-5 分地区按主要行业分法人单位数》人工转录
2016,全国,mining,采矿业,104074,18191382,0.005721060665,个,全国年度分行业,截图《1-5 分地区按主要行业分法人单位数》,data/raw/official_statistics/legal_person_units_industry_year_image_transcription.csv,image_transcription,needs_review,从截图《1-5 分地区按主要行业分法人单位数》人工转录
2016,全国,manufacturing,制造业,3019269,18191382,0.1659724918,个,全国年度分行业,截图《1-5 分地区按主要行业分法人单位数》,data/raw/official_statistics/legal_person_units_industry_year_image_transcription.csv,image_transcription,needs_review,从截图《1-5 分地区按主要行业分法人单位数》人工转录
2016,全国,electricity_heat_gas_water,电力、热力、燃气及水生产和供应业,99469,18191382,0.00546791882,个,全国年度分行业,截图《1-5 分地区按主要行业分法人单位数》,data/raw/official_statistics/legal_person_units_industry_year_image_transcription.csv,image_transcription,needs_review,从截图《1-5 分地区按主要行业分法人单位数》人工转录
2016,全国,construction,建筑业,754512,18191382,0.04147634303,个,全国年度分行业,截图《1-5 分地区按主要行业分法人单位数》,data/raw/official_statistics/legal_person_units_industry_year_image_transcription.csv,image_transcription,needs_review,从截图《1-5 分地区按主要行业分法人单位数》人工转录
2016,全国,wholesale_retail,批发和零售业,5041698,18191382,0.2771476076,个,全国年度分行业,截图《1-5 分地区按主要行业分法人单位数》,data/raw/official_statistics/legal_person_units_industry_year_image_transcription.csv,image_transcription,needs_review,从截图《1-5 分地区按主要行业分法人单位数》人工转录
2016,全国,transport_storage_postal,交通运输、仓储和邮政业,443325,18191382,0.02437005611,个,全国年度分行业,截图《1-5 分地区按主要行业分法人单位数》,data/raw/official_statistics/legal_person_units_industry_year_image_transcription.csv,image_transcription,needs_review,从截图《1-5 分地区按主要行业分法人单位数》人工转录
2016,全国,accommodation_catering,住宿和餐饮业,317619,18191382,0.01745986094,个,全国年度分行业,截图《1-5 分地区按主要行业分法人单位数》,data/raw/official_statistics/legal_person_units_industry_year_image_transcription.csv,image_transcription,needs_review,从截图《1-5 分地区按主要行业分法人单位数》人工转录
2016,全国,information_software_it,信息传输、软件和信息技术服务业,507674,18191382,0.02790739043,个,全国年度分行业,截图《1-5 分地区按主要行业分法人单位数》,data/raw/official_statistics/legal_person_units_industry_year_image_transcription.csv,image_transcription,needs_review,从截图《1-5 分地区按主要行业分法人单位数》人工转录
2016,全国,finance,金融业,122516,18191382,0.006734837408,个,全国年度分行业,截图《1-5 分地区按主要行业分法人单位数》,data/raw/official_statistics/legal_person_units_industry_year_image_transcription.csv,image_transcription,needs_review,从截图《1-5 分地区按主要行业分法人单位数》人工转录
2016,全国,real_estate,房地产业,533557,18191382,0.02933020702,个,全国年度分行业,截图《1-5 分地区按主要行业分法人单位数》,data/raw/official_statistics/legal_person_units_industry_year_image_transcription.csv,image_transcription,needs_review,从截图《1-5 分地区按主要行业分法人单位数》人工转录
2016,全国,leasing_business_services,租赁和商务服务业,1768005,18191382,0.09718915253,个,全国年度分行业,截图《1-5 分地区按主要行业分法人单位数》,data/raw/official_statistics/legal_person_units_industry_year_image_transcription.csv,image_transcription,needs_review,从截图《1-5 分地区按主要行业分法人单位数》人工转录
2016,全国,scientific_research_technical_services,科学研究和技术服务业,813251,18191382,0.04470528957,个,全国年度分行业,截图《1-5 分地区按主要行业分法人单位数》,data/raw/official_statistics/legal_person_units_industry_year_image_transcription.csv,image_transcription,needs_review,从截图《1-5 分地区按主要行业分法人单位数》人工转录
2016,全国,water_environment_public_facilities,水利、环境和公共设施管理业,122367,18191382,0.006726646717,个,全国年度分行业,截图《1-5 分地区按主要行业分法人单位数》,data/raw/official_statistics/legal_person_units_industry_year_image_transcription.csv,image_transcription,needs_review,从截图《1-5 分地区按主要行业分法人单位数》人工转录
2016,全国,resident_repair_other_services,居民服务、修理和其他服务业,359932,18191382,0.01978585244,个,全国年度分行业,截图《1-5 分地区按主要行业分法人单位数》,data/raw/official_statistics/legal_person_units_industry_year_image_transcription.csv,image_transcription,needs_review,从截图《1-5 分地区按主要行业分法人单位数》人工转录
2016,全国,education,教育,486026,18191382,0.02671737639,个,全国年度分行业,截图《1-5 分地区按主要行业分法人单位数》,data/raw/official_statistics/legal_person_units_industry_year_image_transcription.csv,image_transcription,needs_review,从截图《1-5 分地区按主要行业分法人单位数》人工转录
2016,全国,health_social_work,卫生和社会工作,275554,18191382,0.01514750226,个,全国年度分行业,截图《1-5 分地区按主要行业分法人单位数》,data/raw/official_statistics/legal_person_units_industry_year_image_transcription.csv,image_transcription,needs_review,从截图《1-5 分地区按主要行业分法人单位数》人工转录
2016,全国,culture_sports_entertainment,文化、体育和娱乐业,341182,18191382,0.01875514461,个,全国年度分行业,截图《1-5 分地区按主要行业分法人单位数》,data/raw/official_statistics/legal_person_units_industry_year_image_transcription.csv,image_transcription,needs_review,从截图《1-5 分地区按主要行业分法人单位数》人工转录
2016,全国,public_management_social_security_social_org,公共管理、社会保障和社会组织,1599878,18191382,0.08794702898,个,全国年度分行业,截图《1-5 分地区按主要行业分法人单位数》,data/raw/official_statistics/legal_person_units_industry_year_image_transcription.csv,image_transcription,needs_review,从截图《1-5 分地区按主要行业分法人单位数》人工转录
2017,全国,total,合计,22009092,22009092,1,个,全国年度分行业,截图《1-5 分地区按主要行业分法人单位数》,data/raw/official_statistics/legal_person_units_industry_year_image_transcription.csv,image_transcription,needs_review,从截图《1-5 分地区按主要行业分法人单位数》人工转录
2017,全国,agriculture_forestry_animal_fishing,农、林、牧、渔业,1926771,22009092,0.08754432032,个,全国年度分行业,截图《1-5 分地区按主要行业分法人单位数》,data/raw/official_statistics/legal_person_units_industry_year_image_transcription.csv,image_transcription,needs_review,从截图《1-5 分地区按主要行业分法人单位数》人工转录
2017,全国,mining,采矿业,108900,22009092,0.004947955145,个,全国年度分行业,截图《1-5 分地区按主要行业分法人单位数》,data/raw/official_statistics/legal_person_units_industry_year_image_transcription.csv,image_transcription,needs_review,从截图《1-5 分地区按主要行业分法人单位数》人工转录
2017,全国,manufacturing,制造业,3483617,22009092,0.1582808141,个,全国年度分行业,截图《1-5 分地区按主要行业分法人单位数》,data/raw/official_statistics/legal_person_units_industry_year_image_transcription.csv,image_transcription,needs_review,从截图《1-5 分地区按主要行业分法人单位数》人工转录
2017,全国,electricity_heat_gas_water,电力、热力、燃气及水生产和供应业,120736,22009092,0.005485732896,个,全国年度分行业,截图《1-5 分地区按主要行业分法人单位数》,data/raw/official_statistics/legal_person_units_industry_year_image_transcription.csv,image_transcription,needs_review,从截图《1-5 分地区按主要行业分法人单位数》人工转录
2017,全国,construction,建筑业,1045232,22009092,0.04749091875,个,全国年度分行业,截图《1-5 分地区按主要行业分法人单位数》,data/raw/official_statistics/legal_person_units_industry_year_image_transcription.csv,image_transcription,needs_review,从截图《1-5 分地区按主要行业分法人单位数》人工转录
2017,全国,wholesale_retail,批发和零售业,6252424,22009092,0.2840836869,个,全国年度分行业,截图《1-5 分地区按主要行业分法人单位数》,data/raw/official_statistics/legal_person_units_industry_year_image_transcription.csv,image_transcription,needs_review,从截图《1-5 分地区按主要行业分法人单位数》人工转录
2017,全国,transport_storage_postal,交通运输、仓储和邮政业,540994,22009092,0.02458047792,个,全国年度分行业,截图《1-5 分地区按主要行业分法人单位数》,data/raw/official_statistics/legal_person_units_industry_year_image_transcription.csv,image_transcription,needs_review,从截图《1-5 分地区按主要行业分法人单位数》人工转录
2017,全国,accommodation_catering,住宿和餐饮业,378974,22009092,0.01721897478,个,全国年度分行业,截图《1-5 分地区按主要行业分法人单位数》,data/raw/official_statistics/legal_person_units_industry_year_image_transcription.csv,image_transcription,needs_review,从截图《1-5 分地区按主要行业分法人单位数》人工转录
2017,全国,information_software_it,信息传输、软件和信息技术服务业,719150,22009092,0.03267513262,个,全国年度分行业,截图《1-5 分地区按主要行业分法人单位数》,data/raw/official_statistics/legal_person_units_industry_year_image_transcription.csv,image_transcription,needs_review,从截图《1-5 分地区按主要行业分法人单位数》人工转录
2017,全国,finance,金融业,135068,22009092,0.006136918324,个,全国年度分行业,截图《1-5 分地区按主要行业分法人单位数》,data/raw/official_statistics/legal_person_units_industry_year_image_transcription.csv,image_transcription,needs_review,从截图《1-5 分地区按主要行业分法人单位数》人工转录
2017,全国,real_estate,房地产业,642893,22009092,0.02921033726,个,全国年度分行业,截图《1-5 分地区按主要行业分法人单位数》,data/raw/official_statistics/legal_person_units_industry_year_image_transcription.csv,image_transcription,needs_review,从截图《1-5 分地区按主要行业分法人单位数》人工转录
2017,全国,leasing_business_services,租赁和商务服务业,2242096,22009092,0.1018713539,个,全国年度分行业,截图《1-5 分地区按主要行业分法人单位数》,data/raw/official_statistics/legal_person_units_industry_year_image_transcription.csv,image_transcription,needs_review,从截图《1-5 分地区按主要行业分法人单位数》人工转录
2017,全国,scientific_research_technical_services,科学研究和技术服务业,1035170,22009092,0.04703374405,个,全国年度分行业,截图《1-5 分地区按主要行业分法人单位数》,data/raw/official_statistics/legal_person_units_industry_year_image_transcription.csv,image_transcription,needs_review,从截图《1-5 分地区按主要行业分法人单位数》人工转录
2017,全国,water_environment_public_facilities,水利、环境和公共设施管理业,146295,22009092,0.006647025693,个,全国年度分行业,截图《1-5 分地区按主要行业分法人单位数》,data/raw/official_statistics/legal_person_units_industry_year_image_transcription.csv,image_transcription,needs_review,从截图《1-5 分地区按主要行业分法人单位数》人工转录
2017,全国,resident_repair_other_services,居民服务、修理和其他服务业,420667,22009092,0.01911332826,个,全国年度分行业,截图《1-5 分地区按主要行业分法人单位数》,data/raw/official_statistics/legal_person_units_industry_year_image_transcription.csv,image_transcription,needs_review,从截图《1-5 分地区按主要行业分法人单位数》人工转录
2017,全国,education,教育,517739,22009092,0.02352386914,个,全国年度分行业,截图《1-5 分地区按主要行业分法人单位数》,data/raw/official_statistics/legal_person_units_industry_year_image_transcription.csv,image_transcription,needs_review,从截图《1-5 分地区按主要行业分法人单位数》人工转录
2017,全国,health_social_work,卫生和社会工作,286858,22009092,0.01303361356,个,全国年度分行业,截图《1-5 分地区按主要行业分法人单位数》,data/raw/official_statistics/legal_person_units_industry_year_image_transcription.csv,image_transcription,needs_review,从截图《1-5 分地区按主要行业分法人单位数》人工转录
2017,全国,culture_sports_entertainment,文化、体育和娱乐业,414973,22009092,0.01885461699,个,全国年度分行业,截图《1-5 分地区按主要行业分法人单位数》,data/raw/official_statistics/legal_person_units_industry_year_image_transcription.csv,image_transcription,needs_review,从截图《1-5 分地区按主要行业分法人单位数》人工转录
2017,全国,public_management_social_security_social_org,公共管理、社会保障和社会组织,1590535,22009092,0.0722671794,个,全国年度分行业,截图《1-5 分地区按主要行业分法人单位数》,data/raw/official_statistics/legal_person_units_industry_year_image_transcription.csv,image_transcription,needs_review,从截图《1-5 分地区按主要行业分法人单位数》人工转录
2018,全国,total,合计,23481046,23481046,1,个,全国年度分行业,截图《1-5 分地区按主要行业分法人单位数》,data/raw/official_statistics/legal_person_units_industry_year_image_transcription.csv,image_transcription,needs_review,截图注释说明2018年数据经第四次全国经济普查资料修订
2018,全国,agriculture_forestry_animal_fishing,农、林、牧、渔业,1926591,23481046,0.08204877244,个,全国年度分行业,截图《1-5 分地区按主要行业分法人单位数》,data/raw/official_statistics/legal_person_units_industry_year_image_transcription.csv,image_transcription,needs_review,截图注释说明2018年数据经第四次全国经济普查资料修订
2018,全国,mining,采矿业,70191,23481046,0.002989262063,个,全国年度分行业,截图《1-5 分地区按主要行业分法人单位数》,data/raw/official_statistics/legal_person_units_industry_year_image_transcription.csv,image_transcription,needs_review,截图注释说明2018年数据经第四次全国经济普查资料修订
2018,全国,manufacturing,制造业,3269606,23481046,0.1392444783,个,全国年度分行业,截图《1-5 分地区按主要行业分法人单位数》,data/raw/official_statistics/legal_person_units_industry_year_image_transcription.csv,image_transcription,needs_review,截图注释说明2018年数据经第四次全国经济普查资料修订
2018,全国,electricity_heat_gas_water,电力、热力、燃气及水生产和供应业,110714,23481046,0.004715036971,个,全国年度分行业,截图《1-5 分地区按主要行业分法人单位数》,data/raw/official_statistics/legal_person_units_industry_year_image_transcription.csv,image_transcription,needs_review,截图注释说明2018年数据经第四次全国经济普查资料修订
2018,全国,construction,建筑业,1218463,23481046,0.05189134249,个,全国年度分行业,截图《1-5 分地区按主要行业分法人单位数》,data/raw/official_statistics/legal_person_units_industry_year_image_transcription.csv,image_transcription,needs_review,截图注释说明2018年数据经第四次全国经济普查资料修订
2018,全国,wholesale_retail,批发和零售业,6499161,23481046,0.276783283,个,全国年度分行业,截图《1-5 分地区按主要行业分法人单位数》,data/raw/official_statistics/legal_person_units_industry_year_image_transcription.csv,image_transcription,needs_review,截图注释说明2018年数据经第四次全国经济普查资料修订
2018,全国,transport_storage_postal,交通运输、仓储和邮政业,577233,23481046,0.02458293383,个,全国年度分行业,截图《1-5 分地区按主要行业分法人单位数》,data/raw/official_statistics/legal_person_units_industry_year_image_transcription.csv,image_transcription,needs_review,截图注释说明2018年数据经第四次全国经济普查资料修订
2018,全国,accommodation_catering,住宿和餐饮业,431323,23481046,0.01836898578,个,全国年度分行业,截图《1-5 分地区按主要行业分法人单位数》,data/raw/official_statistics/legal_person_units_industry_year_image_transcription.csv,image_transcription,needs_review,截图注释说明2018年数据经第四次全国经济普查资料修订
2018,全国,information_software_it,信息传输、软件和信息技术服务业,919879,23481046,0.03917538427,个,全国年度分行业,截图《1-5 分地区按主要行业分法人单位数》,data/raw/official_statistics/legal_person_units_industry_year_image_transcription.csv,image_transcription,needs_review,截图注释说明2018年数据经第四次全国经济普查资料修订
2018,全国,finance,金融业,137934,23481046,0.005874269826,个,全国年度分行业,截图《1-5 分地区按主要行业分法人单位数》,data/raw/official_statistics/legal_person_units_industry_year_image_transcription.csv,image_transcription,needs_review,截图注释说明2018年数据经第四次全国经济普查资料修订
2018,全国,real_estate,房地产业,744924,23481046,0.0317244811,个,全国年度分行业,截图《1-5 分地区按主要行业分法人单位数》,data/raw/official_statistics/legal_person_units_industry_year_image_transcription.csv,image_transcription,needs_review,截图注释说明2018年数据经第四次全国经济普查资料修订
2018,全国,leasing_business_services,租赁和商务服务业,2551306,23481046,0.1086538479,个,全国年度分行业,截图《1-5 分地区按主要行业分法人单位数》,data/raw/official_statistics/legal_person_units_industry_year_image_transcription.csv,image_transcription,needs_review,截图注释说明2018年数据经第四次全国经济普查资料修订
2018,全国,scientific_research_technical_services,科学研究和技术服务业,1275579,23481046,0.05432377246,个,全国年度分行业,截图《1-5 分地区按主要行业分法人单位数》,data/raw/official_statistics/legal_person_units_industry_year_image_transcription.csv,image_transcription,needs_review,截图注释说明2018年数据经第四次全国经济普查资料修订
2018,全国,water_environment_public_facilities,水利、环境和公共设施管理业,148860,23481046,0.006339581295,个,全国年度分行业,截图《1-5 分地区按主要行业分法人单位数》,data/raw/official_statistics/legal_person_units_industry_year_image_transcription.csv,image_transcription,needs_review,截图注释说明2018年数据经第四次全国经济普查资料修订
2018,全国,resident_repair_other_services,居民服务、修理和其他服务业,497292,23481046,0.02117844324,个,全国年度分行业,截图《1-5 分地区按主要行业分法人单位数》,data/raw/official_statistics/legal_person_units_industry_year_image_transcription.csv,image_transcription,needs_review,截图注释说明2018年数据经第四次全国经济普查资料修订
2018,全国,education,教育,665883,23481046,0.0283583193,个,全国年度分行业,截图《1-5 分地区按主要行业分法人单位数》,data/raw/official_statistics/legal_person_units_industry_year_image_transcription.csv,image_transcription,needs_review,截图注释说明2018年数据经第四次全国经济普查资料修订
2018,全国,health_social_work,卫生和社会工作,272504,23481046,0.01160527517,个,全国年度分行业,截图《1-5 分地区按主要行业分法人单位数》,data/raw/official_statistics/legal_person_units_industry_year_image_transcription.csv,image_transcription,needs_review,截图注释说明2018年数据经第四次全国经济普查资料修订
2018,全国,culture_sports_entertainment,文化、体育和娱乐业,566593,23481046,0.02412980239,个,全国年度分行业,截图《1-5 分地区按主要行业分法人单位数》,data/raw/official_statistics/legal_person_units_industry_year_image_transcription.csv,image_transcription,needs_review,截图注释说明2018年数据经第四次全国经济普查资料修订
2018,全国,public_management_social_security_social_org,公共管理、社会保障和社会组织,1597010,23481046,0.06801272822,个,全国年度分行业,截图《1-5 分地区按主要行业分法人单位数》,data/raw/official_statistics/legal_person_units_industry_year_image_transcription.csv,image_transcription,needs_review,截图注释说明2018年数据经第四次全国经济普查资料修订
2019,全国,total,合计,25280211,25280211,1,个,全国年度分行业,截图《1-5 分地区按主要行业分法人单位数》,data/raw/official_statistics/legal_person_units_industry_year_image_transcription.csv,image_transcription,needs_review,从截图《1-5 分地区按主要行业分法人单位数》人工转录
2019,全国,agriculture_forestry_animal_fishing,农、林、牧、渔业,1879887,25280211,0.07436199801,个,全国年度分行业,截图《1-5 分地区按主要行业分法人单位数》,data/raw/official_statistics/legal_person_units_industry_year_image_transcription.csv,image_transcription,needs_review,从截图《1-5 分地区按主要行业分法人单位数》人工转录
2019,全国,mining,采矿业,70983,25280211,0.0028078484,个,全国年度分行业,截图《1-5 分地区按主要行业分法人单位数》,data/raw/official_statistics/legal_person_units_industry_year_image_transcription.csv,image_transcription,needs_review,从截图《1-5 分地区按主要行业分法人单位数》人工转录
2019,全国,manufacturing,制造业,3463346,25280211,0.1369983027,个,全国年度分行业,截图《1-5 分地区按主要行业分法人单位数》,data/raw/official_statistics/legal_person_units_industry_year_image_transcription.csv,image_transcription,needs_review,从截图《1-5 分地区按主要行业分法人单位数》人工转录
2019,全国,electricity_heat_gas_water,电力、热力、燃气及水生产和供应业,113649,25280211,0.004495571655,个,全国年度分行业,截图《1-5 分地区按主要行业分法人单位数》,data/raw/official_statistics/legal_person_units_industry_year_image_transcription.csv,image_transcription,needs_review,从截图《1-5 分地区按主要行业分法人单位数》人工转录
2019,全国,construction,建筑业,1458539,25280211,0.05769489028,个,全国年度分行业,截图《1-5 分地区按主要行业分法人单位数》,data/raw/official_statistics/legal_person_units_industry_year_image_transcription.csv,image_transcription,needs_review,从截图《1-5 分地区按主要行业分法人单位数》人工转录
2019,全国,wholesale_retail,批发和零售业,7155907,25280211,0.2830635789,个,全国年度分行业,截图《1-5 分地区按主要行业分法人单位数》,data/raw/official_statistics/legal_person_units_industry_year_image_transcription.csv,image_transcription,needs_review,从截图《1-5 分地区按主要行业分法人单位数》人工转录
2019,全国,transport_storage_postal,交通运输、仓储和邮政业,629631,25280211,0.02490608168,个,全国年度分行业,截图《1-5 分地区按主要行业分法人单位数》,data/raw/official_statistics/legal_person_units_industry_year_image_transcription.csv,image_transcription,needs_review,从截图《1-5 分地区按主要行业分法人单位数》人工转录
2019,全国,accommodation_catering,住宿和餐饮业,449277,25280211,0.01777188489,个,全国年度分行业,截图《1-5 分地区按主要行业分法人单位数》,data/raw/official_statistics/legal_person_units_industry_year_image_transcription.csv,image_transcription,needs_review,从截图《1-5 分地区按主要行业分法人单位数》人工转录
2019,全国,information_software_it,信息传输、软件和信息技术服务业,1047408,25280211,0.04143193267,个,全国年度分行业,截图《1-5 分地区按主要行业分法人单位数》,data/raw/official_statistics/legal_person_units_industry_year_image_transcription.csv,image_transcription,needs_review,从截图《1-5 分地区按主要行业分法人单位数》人工转录
2019,全国,finance,金融业,131744,25280211,0.005211348908,个,全国年度分行业,截图《1-5 分地区按主要行业分法人单位数》,data/raw/official_statistics/legal_person_units_industry_year_image_transcription.csv,image_transcription,needs_review,从截图《1-5 分地区按主要行业分法人单位数》人工转录
2019,全国,real_estate,房地产业,811663,25280211,0.03210665449,个,全国年度分行业,截图《1-5 分地区按主要行业分法人单位数》,data/raw/official_statistics/legal_person_units_industry_year_image_transcription.csv,image_transcription,needs_review,从截图《1-5 分地区按主要行业分法人单位数》人工转录
2019,全国,leasing_business_services,租赁和商务服务业,2825375,25280211,0.1117623188,个,全国年度分行业,截图《1-5 分地区按主要行业分法人单位数》,data/raw/official_statistics/legal_person_units_industry_year_image_transcription.csv,image_transcription,needs_review,从截图《1-5 分地区按主要行业分法人单位数》人工转录
2019,全国,scientific_research_technical_services,科学研究和技术服务业,1390741,25280211,0.05501302976,个,全国年度分行业,截图《1-5 分地区按主要行业分法人单位数》,data/raw/official_statistics/legal_person_units_industry_year_image_transcription.csv,image_transcription,needs_review,从截图《1-5 分地区按主要行业分法人单位数》人工转录
2019,全国,water_environment_public_facilities,水利、环境和公共设施管理业,172856,25280211,0.006837601158,个,全国年度分行业,截图《1-5 分地区按主要行业分法人单位数》,data/raw/official_statistics/legal_person_units_industry_year_image_transcription.csv,image_transcription,needs_review,从截图《1-5 分地区按主要行业分法人单位数》人工转录
2019,全国,resident_repair_other_services,居民服务、修理和其他服务业,522903,25280211,0.02068428147,个,全国年度分行业,截图《1-5 分地区按主要行业分法人单位数》,data/raw/official_statistics/legal_person_units_industry_year_image_transcription.csv,image_transcription,needs_review,从截图《1-5 分地区按主要行业分法人单位数》人工转录
2019,全国,education,教育,698893,25280211,0.02764585311,个,全国年度分行业,截图《1-5 分地区按主要行业分法人单位数》,data/raw/official_statistics/legal_person_units_industry_year_image_transcription.csv,image_transcription,needs_review,从截图《1-5 分地区按主要行业分法人单位数》人工转录
2019,全国,health_social_work,卫生和社会工作,279155,25280211,0.01104243157,个,全国年度分行业,截图《1-5 分地区按主要行业分法人单位数》,data/raw/official_statistics/legal_person_units_industry_year_image_transcription.csv,image_transcription,needs_review,从截图《1-5 分地区按主要行业分法人单位数》人工转录
2019,全国,culture_sports_entertainment,文化、体育和娱乐业,585224,25280211,0.02314949033,个,全国年度分行业,截图《1-5 分地区按主要行业分法人单位数》,data/raw/official_statistics/legal_person_units_industry_year_image_transcription.csv,image_transcription,needs_review,从截图《1-5 分地区按主要行业分法人单位数》人工转录
2019,全国,public_management_social_security_social_org,公共管理、社会保障和社会组织,1593030,25280211,0.06301490126,个,全国年度分行业,截图《1-5 分地区按主要行业分法人单位数》,data/raw/official_statistics/legal_person_units_industry_year_image_transcription.csv,image_transcription,needs_review,从截图《1-5 分地区按主要行业分法人单位数》人工转录
2020,全国,total,合计,29389255,29389255,1,个,全国年度分行业,截图《1-5 分地区按主要行业分法人单位数》,data/raw/official_statistics/legal_person_units_industry_year_image_transcription.csv,image_transcription,needs_review,从截图《1-5 分地区按主要行业分法人单位数》人工转录
2020,全国,agriculture_forestry_animal_fishing,农、林、牧、渔业,2090924,29389255,0.07114586607,个,全国年度分行业,截图《1-5 分地区按主要行业分法人单位数》,data/raw/official_statistics/legal_person_units_industry_year_image_transcription.csv,image_transcription,needs_review,从截图《1-5 分地区按主要行业分法人单位数》人工转录
2020,全国,mining,采矿业,80683,29389255,0.002745323078,个,全国年度分行业,截图《1-5 分地区按主要行业分法人单位数》,data/raw/official_statistics/legal_person_units_industry_year_image_transcription.csv,image_transcription,needs_review,从截图《1-5 分地区按主要行业分法人单位数》人工转录
2020,全国,manufacturing,制造业,3846747,29389255,0.1308895717,个,全国年度分行业,截图《1-5 分地区按主要行业分法人单位数》,data/raw/official_statistics/legal_person_units_industry_year_image_transcription.csv,image_transcription,needs_review,从截图《1-5 分地区按主要行业分法人单位数》人工转录
2020,全国,electricity_heat_gas_water,电力、热力、燃气及水生产和供应业,123729,29389255,0.004210008045,个,全国年度分行业,截图《1-5 分地区按主要行业分法人单位数》,data/raw/official_statistics/legal_person_units_industry_year_image_transcription.csv,image_transcription,needs_review,从截图《1-5 分地区按主要行业分法人单位数》人工转录
2020,全国,construction,建筑业,1901819,29389255,0.06471137155,个,全国年度分行业,截图《1-5 分地区按主要行业分法人单位数》,data/raw/official_statistics/legal_person_units_industry_year_image_transcription.csv,image_transcription,needs_review,从截图《1-5 分地区按主要行业分法人单位数》人工转录
2020,全国,wholesale_retail,批发和零售业,8415106,29389255,0.286332743,个,全国年度分行业,截图《1-5 分地区按主要行业分法人单位数》,data/raw/official_statistics/legal_person_units_industry_year_image_transcription.csv,image_transcription,needs_review,从截图《1-5 分地区按主要行业分法人单位数》人工转录
2020,全国,transport_storage_postal,交通运输、仓储和邮政业,748046,29389255,0.02545304398,个,全国年度分行业,截图《1-5 分地区按主要行业分法人单位数》,data/raw/official_statistics/legal_person_units_industry_year_image_transcription.csv,image_transcription,needs_review,从截图《1-5 分地区按主要行业分法人单位数》人工转录
2020,全国,accommodation_catering,住宿和餐饮业,514980,29389255,0.01752273067,个,全国年度分行业,截图《1-5 分地区按主要行业分法人单位数》,data/raw/official_statistics/legal_person_units_industry_year_image_transcription.csv,image_transcription,needs_review,从截图《1-5 分地区按主要行业分法人单位数》人工转录
2020,全国,information_software_it,信息传输、软件和信息技术服务业,1285534,29389255,0.04374163278,个,全国年度分行业,截图《1-5 分地区按主要行业分法人单位数》,data/raw/official_statistics/legal_person_units_industry_year_image_transcription.csv,image_transcription,needs_review,从截图《1-5 分地区按主要行业分法人单位数》人工转录
2020,全国,finance,金融业,142488,29389255,0.004848302551,个,全国年度分行业,截图《1-5 分地区按主要行业分法人单位数》,data/raw/official_statistics/legal_person_units_industry_year_image_transcription.csv,image_transcription,needs_review,从截图《1-5 分地区按主要行业分法人单位数》人工转录
2020,全国,real_estate,房地产业,933969,29389255,0.03177926763,个,全国年度分行业,截图《1-5 分地区按主要行业分法人单位数》,data/raw/official_statistics/legal_person_units_industry_year_image_transcription.csv,image_transcription,needs_review,从截图《1-5 分地区按主要行业分法人单位数》人工转录
2020,全国,leasing_business_services,租赁和商务服务业,3394995,29389255,0.1155182396,个,全国年度分行业,截图《1-5 分地区按主要行业分法人单位数》,data/raw/official_statistics/legal_person_units_industry_year_image_transcription.csv,image_transcription,needs_review,从截图《1-5 分地区按主要行业分法人单位数》人工转录
2020,全国,scientific_research_technical_services,科学研究和技术服务业,1738335,29389255,0.05914865824,个,全国年度分行业,截图《1-5 分地区按主要行业分法人单位数》,data/raw/official_statistics/legal_person_units_industry_year_image_transcription.csv,image_transcription,needs_review,从截图《1-5 分地区按主要行业分法人单位数》人工转录
2020,全国,water_environment_public_facilities,水利、环境和公共设施管理业,216714,29389255,0.007373919482,个,全国年度分行业,截图《1-5 分地区按主要行业分法人单位数》,data/raw/official_statistics/legal_person_units_industry_year_image_transcription.csv,image_transcription,needs_review,从截图《1-5 分地区按主要行业分法人单位数》人工转录
2020,全国,resident_repair_other_services,居民服务、修理和其他服务业,598808,29389255,0.02037506565,个,全国年度分行业,截图《1-5 分地区按主要行业分法人单位数》,data/raw/official_statistics/legal_person_units_industry_year_image_transcription.csv,image_transcription,needs_review,从截图《1-5 分地区按主要行业分法人单位数》人工转录
2020,全国,education,教育,769578,29389255,0.0261856927,个,全国年度分行业,截图《1-5 分地区按主要行业分法人单位数》,data/raw/official_statistics/legal_person_units_industry_year_image_transcription.csv,image_transcription,needs_review,从截图《1-5 分地区按主要行业分法人单位数》人工转录
2020,全国,health_social_work,卫生和社会工作,299142,29389255,0.010178618,个,全国年度分行业,截图《1-5 分地区按主要行业分法人单位数》,data/raw/official_statistics/legal_person_units_industry_year_image_transcription.csv,image_transcription,needs_review,从截图《1-5 分地区按主要行业分法人单位数》人工转录
2020,全国,culture_sports_entertainment,文化、体育和娱乐业,686805,29389255,0.02336925519,个,全国年度分行业,截图《1-5 分地区按主要行业分法人单位数》,data/raw/official_statistics/legal_person_units_industry_year_image_transcription.csv,image_transcription,needs_review,从截图《1-5 分地区按主要行业分法人单位数》人工转录
2020,全国,public_management_social_security_social_org,公共管理、社会保障和社会组织,1600853,29389255,0.05447069005,个,全国年度分行业,截图《1-5 分地区按主要行业分法人单位数》,data/raw/official_statistics/legal_person_units_industry_year_image_transcription.csv,image_transcription,needs_review,从截图《1-5 分地区按主要行业分法人单位数》人工转录
2021,全国,total,合计,32866972,32866972,1,个,全国年度分行业,截图《1-5 分地区按主要行业分法人单位数》,data/raw/official_statistics/legal_person_units_industry_year_image_transcription.csv,image_transcription,needs_review,从截图《1-5 分地区按主要行业分法人单位数》人工转录
2021,全国,agriculture_forestry_animal_fishing,农、林、牧、渔业,2189201,32866972,0.0666079309,个,全国年度分行业,截图《1-5 分地区按主要行业分法人单位数》,data/raw/official_statistics/legal_person_units_industry_year_image_transcription.csv,image_transcription,needs_review,从截图《1-5 分地区按主要行业分法人单位数》人工转录
2021,全国,mining,采矿业,82830,32866972,0.002520159143,个,全国年度分行业,截图《1-5 分地区按主要行业分法人单位数》,data/raw/official_statistics/legal_person_units_industry_year_image_transcription.csv,image_transcription,needs_review,从截图《1-5 分地区按主要行业分法人单位数》人工转录
2021,全国,manufacturing,制造业,4167767,32866972,0.1268071485,个,全国年度分行业,截图《1-5 分地区按主要行业分法人单位数》,data/raw/official_statistics/legal_person_units_industry_year_image_transcription.csv,image_transcription,needs_review,从截图《1-5 分地区按主要行业分法人单位数》人工转录
2021,全国,electricity_heat_gas_water,电力、热力、燃气及水生产和供应业,133875,32866972,0.004073238021,个,全国年度分行业,截图《1-5 分地区按主要行业分法人单位数》,data/raw/official_statistics/legal_person_units_industry_year_image_transcription.csv,image_transcription,needs_review,从截图《1-5 分地区按主要行业分法人单位数》人工转录
2021,全国,construction,建筑业,2367010,32866972,0.07201789079,个,全国年度分行业,截图《1-5 分地区按主要行业分法人单位数》,data/raw/official_statistics/legal_person_units_industry_year_image_transcription.csv,image_transcription,needs_review,从截图《1-5 分地区按主要行业分法人单位数》人工转录
2021,全国,wholesale_retail,批发和零售业,9575504,32866972,0.2913412285,个,全国年度分行业,截图《1-5 分地区按主要行业分法人单位数》,data/raw/official_statistics/legal_person_units_industry_year_image_transcription.csv,image_transcription,needs_review,从截图《1-5 分地区按主要行业分法人单位数》人工转录
2021,全国,transport_storage_postal,交通运输、仓储和邮政业,858447,32866972,0.02611883443,个,全国年度分行业,截图《1-5 分地区按主要行业分法人单位数》,data/raw/official_statistics/legal_person_units_industry_year_image_transcription.csv,image_transcription,needs_review,从截图《1-5 分地区按主要行业分法人单位数》人工转录
2021,全国,accommodation_catering,住宿和餐饮业,583028,32866972,0.01773902384,个,全国年度分行业,截图《1-5 分地区按主要行业分法人单位数》,data/raw/official_statistics/legal_person_units_industry_year_image_transcription.csv,image_transcription,needs_review,从截图《1-5 分地区按主要行业分法人单位数》人工转录
2021,全国,information_software_it,信息传输、软件和信息技术服务业,1488072,32866972,0.04527560373,个,全国年度分行业,截图《1-5 分地区按主要行业分法人单位数》,data/raw/official_statistics/legal_person_units_industry_year_image_transcription.csv,image_transcription,needs_review,从截图《1-5 分地区按主要行业分法人单位数》人工转录
2021,全国,finance,金融业,149813,32866972,0.004558162523,个,全国年度分行业,截图《1-5 分地区按主要行业分法人单位数》,data/raw/official_statistics/legal_person_units_industry_year_image_transcription.csv,image_transcription,needs_review,从截图《1-5 分地区按主要行业分法人单位数》人工转录
2021,全国,real_estate,房地产业,1038260,32866972,0.03158976738,个,全国年度分行业,截图《1-5 分地区按主要行业分法人单位数》,data/raw/official_statistics/legal_person_units_industry_year_image_transcription.csv,image_transcription,needs_review,从截图《1-5 分地区按主要行业分法人单位数》人工转录
2021,全国,leasing_business_services,租赁和商务服务业,3876456,32866972,0.117943813,个,全国年度分行业,截图《1-5 分地区按主要行业分法人单位数》,data/raw/official_statistics/legal_person_units_industry_year_image_transcription.csv,image_transcription,needs_review,从截图《1-5 分地区按主要行业分法人单位数》人工转录
2021,全国,scientific_research_technical_services,科学研究和技术服务业,2053759,32866972,0.06248701584,个,全国年度分行业,截图《1-5 分地区按主要行业分法人单位数》,data/raw/official_statistics/legal_person_units_industry_year_image_transcription.csv,image_transcription,needs_review,从截图《1-5 分地区按主要行业分法人单位数》人工转录
2021,全国,water_environment_public_facilities,水利、环境和公共设施管理业,250799,32866972,0.007630730327,个,全国年度分行业,截图《1-5 分地区按主要行业分法人单位数》,data/raw/official_statistics/legal_person_units_industry_year_image_transcription.csv,image_transcription,needs_review,从截图《1-5 分地区按主要行业分法人单位数》人工转录
2021,全国,resident_repair_other_services,居民服务、修理和其他服务业,667130,32866972,0.02029788445,个,全国年度分行业,截图《1-5 分地区按主要行业分法人单位数》,data/raw/official_statistics/legal_person_units_industry_year_image_transcription.csv,image_transcription,needs_review,从截图《1-5 分地区按主要行业分法人单位数》人工转录
2021,全国,education,教育,793247,32866972,0.02413508004,个,全国年度分行业,截图《1-5 分地区按主要行业分法人单位数》,data/raw/official_statistics/legal_person_units_industry_year_image_transcription.csv,image_transcription,needs_review,从截图《1-5 分地区按主要行业分法人单位数》人工转录
2021,全国,health_social_work,卫生和社会工作,296031,32866972,0.009006944723,个,全国年度分行业,截图《1-5 分地区按主要行业分法人单位数》,data/raw/official_statistics/legal_person_units_industry_year_image_transcription.csv,image_transcription,needs_review,从截图《1-5 分地区按主要行业分法人单位数》人工转录
2021,全国,culture_sports_entertainment,文化、体育和娱乐业,766821,32866972,0.023331051,个,全国年度分行业,截图《1-5 分地区按主要行业分法人单位数》,data/raw/official_statistics/legal_person_units_industry_year_image_transcription.csv,image_transcription,needs_review,从截图《1-5 分地区按主要行业分法人单位数》人工转录
2021,全国,public_management_social_security_social_org,公共管理、社会保障和社会组织,1528922,32866972,0.04651849279,个,全国年度分行业,截图《1-5 分地区按主要行业分法人单位数》,data/raw/official_statistics/legal_person_units_industry_year_image_transcription.csv,image_transcription,needs_review,从截图《1-5 分地区按主要行业分法人单位数》人工转录
2022,全国,total,合计,37169634,37169634,1,个,全国年度分行业,截图《1-5 分地区按主要行业分法人单位数》,data/raw/official_statistics/legal_person_units_industry_year_image_transcription.csv,image_transcription,needs_review,从截图《1-5 分地区按主要行业分法人单位数》人工转录
2022,全国,agriculture_forestry_animal_fishing,农、林、牧、渔业,2495358,37169634,0.06713431722,个,全国年度分行业,截图《1-5 分地区按主要行业分法人单位数》,data/raw/official_statistics/legal_person_units_industry_year_image_transcription.csv,image_transcription,needs_review,从截图《1-5 分地区按主要行业分法人单位数》人工转录
2022,全国,mining,采矿业,88033,37169634,0.002368411806,个,全国年度分行业,截图《1-5 分地区按主要行业分法人单位数》,data/raw/official_statistics/legal_person_units_industry_year_image_transcription.csv,image_transcription,needs_review,从截图《1-5 分地区按主要行业分法人单位数》人工转录
2022,全国,manufacturing,制造业,4529585,37169634,0.1218625128,个,全国年度分行业,截图《1-5 分地区按主要行业分法人单位数》,data/raw/official_statistics/legal_person_units_industry_year_image_transcription.csv,image_transcription,needs_review,从截图《1-5 分地区按主要行业分法人单位数》人工转录
2022,全国,electricity_heat_gas_water,电力、热力、燃气及水生产和供应业,153266,37169634,0.004123419671,个,全国年度分行业,截图《1-5 分地区按主要行业分法人单位数》,data/raw/official_statistics/legal_person_units_industry_year_image_transcription.csv,image_transcription,needs_review,从截图《1-5 分地区按主要行业分法人单位数》人工转录
2022,全国,construction,建筑业,2901293,37169634,0.07805546323,个,全国年度分行业,截图《1-5 分地区按主要行业分法人单位数》,data/raw/official_statistics/legal_person_units_industry_year_image_transcription.csv,image_transcription,needs_review,从截图《1-5 分地区按主要行业分法人单位数》人工转录
2022,全国,wholesale_retail,批发和零售业,10881533,37169634,0.2927532996,个,全国年度分行业,截图《1-5 分地区按主要行业分法人单位数》,data/raw/official_statistics/legal_person_units_industry_year_image_transcription.csv,image_transcription,needs_review,从截图《1-5 分地区按主要行业分法人单位数》人工转录
2022,全国,transport_storage_postal,交通运输、仓储和邮政业,973096,37169634,0.02617986499,个,全国年度分行业,截图《1-5 分地区按主要行业分法人单位数》,data/raw/official_statistics/legal_person_units_industry_year_image_transcription.csv,image_transcription,needs_review,从截图《1-5 分地区按主要行业分法人单位数》人工转录
2022,全国,accommodation_catering,住宿和餐饮业,669628,37169634,0.01801545853,个,全国年度分行业,截图《1-5 分地区按主要行业分法人单位数》,data/raw/official_statistics/legal_person_units_industry_year_image_transcription.csv,image_transcription,needs_review,从截图《1-5 分地区按主要行业分法人单位数》人工转录
2022,全国,information_software_it,信息传输、软件和信息技术服务业,1747117,37169634,0.04700387956,个,全国年度分行业,截图《1-5 分地区按主要行业分法人单位数》,data/raw/official_statistics/legal_person_units_industry_year_image_transcription.csv,image_transcription,needs_review,从截图《1-5 分地区按主要行业分法人单位数》人工转录
2022,全国,finance,金融业,159901,37169634,0.004301925599,个,全国年度分行业,截图《1-5 分地区按主要行业分法人单位数》,data/raw/official_statistics/legal_person_units_industry_year_image_transcription.csv,image_transcription,needs_review,从截图《1-5 分地区按主要行业分法人单位数》人工转录
2022,全国,real_estate,房地产业,1115183,37169634,0.03000252841,个,全国年度分行业,截图《1-5 分地区按主要行业分法人单位数》,data/raw/official_statistics/legal_person_units_industry_year_image_transcription.csv,image_transcription,needs_review,从截图《1-5 分地区按主要行业分法人单位数》人工转录
2022,全国,leasing_business_services,租赁和商务服务业,4432416,37169634,0.119248309,个,全国年度分行业,截图《1-5 分地区按主要行业分法人单位数》,data/raw/official_statistics/legal_person_units_industry_year_image_transcription.csv,image_transcription,needs_review,从截图《1-5 分地区按主要行业分法人单位数》人工转录
2022,全国,scientific_research_technical_services,科学研究和技术服务业,2439143,37169634,0.06562192676,个,全国年度分行业,截图《1-5 分地区按主要行业分法人单位数》,data/raw/official_statistics/legal_person_units_industry_year_image_transcription.csv,image_transcription,needs_review,从截图《1-5 分地区按主要行业分法人单位数》人工转录
2022,全国,water_environment_public_facilities,水利、环境和公共设施管理业,286257,37169634,0.007701367197,个,全国年度分行业,截图《1-5 分地区按主要行业分法人单位数》,data/raw/official_statistics/legal_person_units_industry_year_image_transcription.csv,image_transcription,needs_review,从截图《1-5 分地区按主要行业分法人单位数》人工转录
2022,全国,resident_repair_other_services,居民服务、修理和其他服务业,758665,37169634,0.02041088164,个,全国年度分行业,截图《1-5 分地区按主要行业分法人单位数》,data/raw/official_statistics/legal_person_units_industry_year_image_transcription.csv,image_transcription,needs_review,从截图《1-5 分地区按主要行业分法人单位数》人工转录
2022,全国,education,教育,816766,37169634,0.02197401244,个,全国年度分行业,截图《1-5 分地区按主要行业分法人单位数》,data/raw/official_statistics/legal_person_units_industry_year_image_transcription.csv,image_transcription,needs_review,从截图《1-5 分地区按主要行业分法人单位数》人工转录
2022,全国,health_social_work,卫生和社会工作,320513,37169634,0.008622979715,个,全国年度分行业,截图《1-5 分地区按主要行业分法人单位数》,data/raw/official_statistics/legal_person_units_industry_year_image_transcription.csv,image_transcription,needs_review,从截图《1-5 分地区按主要行业分法人单位数》人工转录
2022,全国,culture_sports_entertainment,文化、体育和娱乐业,861807,37169634,0.02318578117,个,全国年度分行业,截图《1-5 分地区按主要行业分法人单位数》,data/raw/official_statistics/legal_person_units_industry_year_image_transcription.csv,image_transcription,needs_review,从截图《1-5 分地区按主要行业分法人单位数》人工转录
2022,全国,public_management_social_security_social_org,公共管理、社会保障和社会组织,1540074,37169634,0.04143366061,个,全国年度分行业,截图《1-5 分地区按主要行业分法人单位数》,data/raw/official_statistics/legal_person_units_industry_year_image_transcription.csv,image_transcription,needs_review,从截图《1-5 分地区按主要行业分法人单位数》人工转录
2023,全国,total,合计,35014905,35014905,1,个,全国年度分行业,截图《1-5 分地区按主要行业分法人单位数》,data/raw/official_statistics/legal_person_units_industry_year_image_transcription.csv,image_transcription,needs_review,截图注释说明2023年数据经第五次全国经济普查资料修订
2023,全国,agriculture_forestry_animal_fishing,农、林、牧、渔业,2019370,35014905,0.0576717258,个,全国年度分行业,截图《1-5 分地区按主要行业分法人单位数》,data/raw/official_statistics/legal_person_units_industry_year_image_transcription.csv,image_transcription,needs_review,截图注释说明2023年数据经第五次全国经济普查资料修订
2023,全国,mining,采矿业,51605,35014905,0.001473800943,个,全国年度分行业,截图《1-5 分地区按主要行业分法人单位数》,data/raw/official_statistics/legal_person_units_industry_year_image_transcription.csv,image_transcription,needs_review,截图注释说明2023年数据经第五次全国经济普查资料修订
2023,全国,manufacturing,制造业,4047228,35014905,0.1155858626,个,全国年度分行业,截图《1-5 分地区按主要行业分法人单位数》,data/raw/official_statistics/legal_person_units_industry_year_image_transcription.csv,image_transcription,needs_review,截图注释说明2023年数据经第五次全国经济普查资料修订
2023,全国,electricity_heat_gas_water,电力、热力、燃气及水生产和供应业,135796,35014905,0.003878234141,个,全国年度分行业,截图《1-5 分地区按主要行业分法人单位数》,data/raw/official_statistics/legal_person_units_industry_year_image_transcription.csv,image_transcription,needs_review,截图注释说明2023年数据经第五次全国经济普查资料修订
2023,全国,construction,建筑业,2722407,35014905,0.07774994677,个,全国年度分行业,截图《1-5 分地区按主要行业分法人单位数》,data/raw/official_statistics/legal_person_units_industry_year_image_transcription.csv,image_transcription,needs_review,截图注释说明2023年数据经第五次全国经济普查资料修订
2023,全国,wholesale_retail,批发和零售业,10197183,35014905,0.2912240659,个,全国年度分行业,截图《1-5 分地区按主要行业分法人单位数》,data/raw/official_statistics/legal_person_units_industry_year_image_transcription.csv,image_transcription,needs_review,截图注释说明2023年数据经第五次全国经济普查资料修订
2023,全国,transport_storage_postal,交通运输、仓储和邮政业,939056,35014905,0.02681875047,个,全国年度分行业,截图《1-5 分地区按主要行业分法人单位数》,data/raw/official_statistics/legal_person_units_industry_year_image_transcription.csv,image_transcription,needs_review,截图注释说明2023年数据经第五次全国经济普查资料修订
2023,全国,accommodation_catering,住宿和餐饮业,711948,35014905,0.0203327126,个,全国年度分行业,截图《1-5 分地区按主要行业分法人单位数》,data/raw/official_statistics/legal_person_units_industry_year_image_transcription.csv,image_transcription,needs_review,截图注释说明2023年数据经第五次全国经济普查资料修订
2023,全国,information_software_it,信息传输、软件和信息技术服务业,1695873,35014905,0.04843288879,个,全国年度分行业,截图《1-5 分地区按主要行业分法人单位数》,data/raw/official_statistics/legal_person_units_industry_year_image_transcription.csv,image_transcription,needs_review,截图注释说明2023年数据经第五次全国经济普查资料修订
2023,全国,finance,金融业,107575,35014905,0.003072263083,个,全国年度分行业,截图《1-5 分地区按主要行业分法人单位数》,data/raw/official_statistics/legal_person_units_industry_year_image_transcription.csv,image_transcription,needs_review,截图注释说明2023年数据经第五次全国经济普查资料修订
2023,全国,real_estate,房地产业,1042264,35014905,0.02976629524,个,全国年度分行业,截图《1-5 分地区按主要行业分法人单位数》,data/raw/official_statistics/legal_person_units_industry_year_image_transcription.csv,image_transcription,needs_review,截图注释说明2023年数据经第五次全国经济普查资料修订
2023,全国,leasing_business_services,租赁和商务服务业,4609109,35014905,0.1316327718,个,全国年度分行业,截图《1-5 分地区按主要行业分法人单位数》,data/raw/official_statistics/legal_person_units_industry_year_image_transcription.csv,image_transcription,needs_review,截图注释说明2023年数据经第五次全国经济普查资料修订
2023,全国,scientific_research_technical_services,科学研究和技术服务业,2117795,35014905,0.06048267159,个,全国年度分行业,截图《1-5 分地区按主要行业分法人单位数》,data/raw/official_statistics/legal_person_units_industry_year_image_transcription.csv,image_transcription,needs_review,截图注释说明2023年数据经第五次全国经济普查资料修订
2023,全国,water_environment_public_facilities,水利、环境和公共设施管理业,223244,35014905,0.006375684869,个,全国年度分行业,截图《1-5 分地区按主要行业分法人单位数》,data/raw/official_statistics/legal_person_units_industry_year_image_transcription.csv,image_transcription,needs_review,截图注释说明2023年数据经第五次全国经济普查资料修订
2023,全国,resident_repair_other_services,居民服务、修理和其他服务业,901638,35014905,0.02575011984,个,全国年度分行业,截图《1-5 分地区按主要行业分法人单位数》,data/raw/official_statistics/legal_person_units_industry_year_image_transcription.csv,image_transcription,needs_review,截图注释说明2023年数据经第五次全国经济普查资料修订
2023,全国,education,教育,817923,35014905,0.02335928085,个,全国年度分行业,截图《1-5 分地区按主要行业分法人单位数》,data/raw/official_statistics/legal_person_units_industry_year_image_transcription.csv,image_transcription,needs_review,截图注释说明2023年数据经第五次全国经济普查资料修订
2023,全国,health_social_work,卫生和社会工作,337213,35014905,0.009630555902,个,全国年度分行业,截图《1-5 分地区按主要行业分法人单位数》,data/raw/official_statistics/legal_person_units_industry_year_image_transcription.csv,image_transcription,needs_review,截图注释说明2023年数据经第五次全国经济普查资料修订
2023,全国,culture_sports_entertainment,文化、体育和娱乐业,817224,35014905,0.02333931793,个,全国年度分行业,截图《1-5 分地区按主要行业分法人单位数》,data/raw/official_statistics/legal_person_units_industry_year_image_transcription.csv,image_transcription,needs_review,截图注释说明2023年数据经第五次全国经济普查资料修订
2023,全国,public_management_social_security_social_org,公共管理、社会保障和社会组织,1520454,35014905,0.04342305084,个,全国年度分行业,截图《1-5 分地区按主要行业分法人单位数》,data/raw/official_statistics/legal_person_units_industry_year_image_transcription.csv,image_transcription,needs_review,截图注释说明2023年数据经第五次全国经济普查资料修订
2024,全国,total,合计,37782288,37782288,1,个,全国年度分行业,截图《1-5 分地区按主要行业分法人单位数》,data/raw/official_statistics/legal_person_units_industry_year_image_transcription.csv,image_transcription,needs_review,从截图《1-5 分地区按主要行业分法人单位数》人工转录
2024,全国,agriculture_forestry_animal_fishing,农、林、牧、渔业,1983657,37782288,0.05250229949,个,全国年度分行业,截图《1-5 分地区按主要行业分法人单位数》,data/raw/official_statistics/legal_person_units_industry_year_image_transcription.csv,image_transcription,needs_review,从截图《1-5 分地区按主要行业分法人单位数》人工转录
2024,全国,mining,采矿业,55242,37782288,0.001462113676,个,全国年度分行业,截图《1-5 分地区按主要行业分法人单位数》,data/raw/official_statistics/legal_person_units_industry_year_image_transcription.csv,image_transcription,needs_review,从截图《1-5 分地区按主要行业分法人单位数》人工转录
2024,全国,manufacturing,制造业,4240805,37782288,0.1122432024,个,全国年度分行业,截图《1-5 分地区按主要行业分法人单位数》,data/raw/official_statistics/legal_person_units_industry_year_image_transcription.csv,image_transcription,needs_review,从截图《1-5 分地区按主要行业分法人单位数》人工转录
2024,全国,electricity_heat_gas_water,电力、热力、燃气及水生产和供应业,162100,37782288,0.004290370133,个,全国年度分行业,截图《1-5 分地区按主要行业分法人单位数》,data/raw/official_statistics/legal_person_units_industry_year_image_transcription.csv,image_transcription,needs_review,从截图《1-5 分地区按主要行业分法人单位数》人工转录
2024,全国,construction,建筑业,2987290,37782288,0.07906588399,个,全国年度分行业,截图《1-5 分地区按主要行业分法人单位数》,data/raw/official_statistics/legal_person_units_industry_year_image_transcription.csv,image_transcription,needs_review,从截图《1-5 分地区按主要行业分法人单位数》人工转录
2024,全国,wholesale_retail,批发和零售业,11172734,37782288,0.2957135365,个,全国年度分行业,截图《1-5 分地区按主要行业分法人单位数》,data/raw/official_statistics/legal_person_units_industry_year_image_transcription.csv,image_transcription,needs_review,从截图《1-5 分地区按主要行业分法人单位数》人工转录
2024,全国,transport_storage_postal,交通运输、仓储和邮政业,986096,37782288,0.02609942521,个,全国年度分行业,截图《1-5 分地区按主要行业分法人单位数》,data/raw/official_statistics/legal_person_units_industry_year_image_transcription.csv,image_transcription,needs_review,从截图《1-5 分地区按主要行业分法人单位数》人工转录
2024,全国,accommodation_catering,住宿和餐饮业,759803,37782288,0.02011003145,个,全国年度分行业,截图《1-5 分地区按主要行业分法人单位数》,data/raw/official_statistics/legal_person_units_industry_year_image_transcription.csv,image_transcription,needs_review,从截图《1-5 分地区按主要行业分法人单位数》人工转录
2024,全国,information_software_it,信息传输、软件和信息技术服务业,1896012,37782288,0.05018256173,个,全国年度分行业,截图《1-5 分地区按主要行业分法人单位数》,data/raw/official_statistics/legal_person_units_industry_year_image_transcription.csv,image_transcription,needs_review,从截图《1-5 分地区按主要行业分法人单位数》人工转录
2024,全国,finance,金融业,113339,37782288,0.00299979186,个,全国年度分行业,截图《1-5 分地区按主要行业分法人单位数》,data/raw/official_statistics/legal_person_units_industry_year_image_transcription.csv,image_transcription,needs_review,从截图《1-5 分地区按主要行业分法人单位数》人工转录
2024,全国,real_estate,房地产业,1060133,37782288,0.0280589942,个,全国年度分行业,截图《1-5 分地区按主要行业分法人单位数》,data/raw/official_statistics/legal_person_units_industry_year_image_transcription.csv,image_transcription,needs_review,从截图《1-5 分地区按主要行业分法人单位数》人工转录
2024,全国,leasing_business_services,租赁和商务服务业,4986529,37782288,0.131980599,个,全国年度分行业,截图《1-5 分地区按主要行业分法人单位数》,data/raw/official_statistics/legal_person_units_industry_year_image_transcription.csv,image_transcription,needs_review,从截图《1-5 分地区按主要行业分法人单位数》人工转录
2024,全国,scientific_research_technical_services,科学研究和技术服务业,2535227,37782288,0.06710093894,个,全国年度分行业,截图《1-5 分地区按主要行业分法人单位数》,data/raw/official_statistics/legal_person_units_industry_year_image_transcription.csv,image_transcription,needs_review,从截图《1-5 分地区按主要行业分法人单位数》人工转录
2024,全国,water_environment_public_facilities,水利、环境和公共设施管理业,232846,37782288,0.006162834818,个,全国年度分行业,截图《1-5 分地区按主要行业分法人单位数》,data/raw/official_statistics/legal_person_units_industry_year_image_transcription.csv,image_transcription,needs_review,从截图《1-5 分地区按主要行业分法人单位数》人工转录
2024,全国,resident_repair_other_services,居民服务、修理和其他服务业,962827,37782288,0.02548355462,个,全国年度分行业,截图《1-5 分地区按主要行业分法人单位数》,data/raw/official_statistics/legal_person_units_industry_year_image_transcription.csv,image_transcription,needs_review,从截图《1-5 分地区按主要行业分法人单位数》人工转录
2024,全国,education,教育,821758,37782288,0.02174982097,个,全国年度分行业,截图《1-5 分地区按主要行业分法人单位数》,data/raw/official_statistics/legal_person_units_industry_year_image_transcription.csv,image_transcription,needs_review,从截图《1-5 分地区按主要行业分法人单位数》人工转录
2024,全国,health_social_work,卫生和社会工作,368310,37782288,0.00974821853,个,全国年度分行业,截图《1-5 分地区按主要行业分法人单位数》,data/raw/official_statistics/legal_person_units_industry_year_image_transcription.csv,image_transcription,needs_review,从截图《1-5 分地区按主要行业分法人单位数》人工转录
2024,全国,culture_sports_entertainment,文化、体育和娱乐业,938681,37782288,0.0248444721,个,全国年度分行业,截图《1-5 分地区按主要行业分法人单位数》,data/raw/official_statistics/legal_person_units_industry_year_image_transcription.csv,image_transcription,needs_review,从截图《1-5 分地区按主要行业分法人单位数》人工转录
2024,全国,public_management_social_security_social_org,公共管理、社会保障和社会组织,1518899,37782288,0.04020135043,个,全国年度分行业,截图《1-5 分地区按主要行业分法人单位数》,data/raw/official_statistics/legal_person_units_industry_year_image_transcription.csv,image_transcription,needs_review,从截图《1-5 分地区按主要行业分法人单位数》人工转录
