year,age_group,population_sample_count,total_sample_count,age_group_share,unit,data_scope,source,source_file,note
2016,0-4岁,68447,1158019,0.05910697493,人,人口抽样调查样本数据,人口抽样调查样本数据_年度数据.xlsx,data/raw/official_statistics/人口抽样调查样本数据_年度数据.xlsx,该数据为人口抽样调查样本数据，适合观察年龄结构占比变化，不代表全国实际人口规模。
2016,5-9岁,63831,1158019,0.05512085726,人,人口抽样调查样本数据,人口抽样调查样本数据_年度数据.xlsx,data/raw/official_statistics/人口抽样调查样本数据_年度数据.xlsx,该数据为人口抽样调查样本数据，适合观察年龄结构占比变化，不代表全国实际人口规模。
2016,10-14岁,60420,1158019,0.05217530973,人,人口抽样调查样本数据,人口抽样调查样本数据_年度数据.xlsx,data/raw/official_statistics/人口抽样调查样本数据_年度数据.xlsx,该数据为人口抽样调查样本数据，适合观察年龄结构占比变化，不代表全国实际人口规模。
2016,15-19岁,61562,1158019,0.05316147663,人,人口抽样调查样本数据,人口抽样调查样本数据_年度数据.xlsx,data/raw/official_statistics/人口抽样调查样本数据_年度数据.xlsx,该数据为人口抽样调查样本数据，适合观察年龄结构占比变化，不代表全国实际人口规模。
2016,15-29岁,247327,1158019,0.2135776701,人,人口抽样调查样本数据,人口抽样调查样本数据_年度数据.xlsx,data/raw/official_statistics/人口抽样调查样本数据_年度数据.xlsx,该数据为人口抽样调查样本数据，适合观察年龄结构占比变化，不代表全国实际人口规模。
2016,20-24岁,79102,1158019,0.06830803294,人,人口抽样调查样本数据,人口抽样调查样本数据_年度数据.xlsx,data/raw/official_statistics/人口抽样调查样本数据_年度数据.xlsx,该数据为人口抽样调查样本数据，适合观察年龄结构占比变化，不代表全国实际人口规模。
2016,20-29岁,185765,1158019,0.1604161935,人,人口抽样调查样本数据,人口抽样调查样本数据_年度数据.xlsx,data/raw/official_statistics/人口抽样调查样本数据_年度数据.xlsx,该数据为人口抽样调查样本数据，适合观察年龄结构占比变化，不代表全国实际人口规模。
2016,25-29岁,106663,1158019,0.09210816057,人,人口抽样调查样本数据,人口抽样调查样本数据_年度数据.xlsx,data/raw/official_statistics/人口抽样调查样本数据_年度数据.xlsx,该数据为人口抽样调查样本数据，适合观察年龄结构占比变化，不代表全国实际人口规模。
2016,30-34岁,87573,1158019,0.07562311154,人,人口抽样调查样本数据,人口抽样调查样本数据_年度数据.xlsx,data/raw/official_statistics/人口抽样调查样本数据_年度数据.xlsx,该数据为人口抽样调查样本数据，适合观察年龄结构占比变化，不代表全国实际人口规模。
2016,35-39岁,80485,1158019,0.06950231387,人,人口抽样调查样本数据,人口抽样调查样本数据_年度数据.xlsx,data/raw/official_statistics/人口抽样调查样本数据_年度数据.xlsx,该数据为人口抽样调查样本数据，适合观察年龄结构占比变化，不代表全国实际人口规模。
2016,40-44岁,94730,1158019,0.08180349373,人,人口抽样调查样本数据,人口抽样调查样本数据_年度数据.xlsx,data/raw/official_statistics/人口抽样调查样本数据_年度数据.xlsx,该数据为人口抽样调查样本数据，适合观察年龄结构占比变化，不代表全国实际人口规模。
2016,45-49岁,104623,1158019,0.09034653145,人,人口抽样调查样本数据,人口抽样调查样本数据_年度数据.xlsx,data/raw/official_statistics/人口抽样调查样本数据_年度数据.xlsx,该数据为人口抽样调查样本数据，适合观察年龄结构占比变化，不代表全国实际人口规模。
2016,50-54岁,97608,1158019,0.08428877246,人,人口抽样调查样本数据,人口抽样调查样本数据_年度数据.xlsx,data/raw/official_statistics/人口抽样调查样本数据_年度数据.xlsx,该数据为人口抽样调查样本数据，适合观察年龄结构占比变化，不代表全国实际人口规模。
2016,55-59岁,59638,1158019,0.05150001857,人,人口抽样调查样本数据,人口抽样调查样本数据_年度数据.xlsx,data/raw/official_statistics/人口抽样调查样本数据_年度数据.xlsx,该数据为人口抽样调查样本数据，适合观察年龄结构占比变化，不代表全国实际人口规模。
2016,60-64岁,67696,1158019,0.05845845362,人,人口抽样调查样本数据,人口抽样调查样本数据_年度数据.xlsx,data/raw/official_statistics/人口抽样调查样本数据_年度数据.xlsx,该数据为人口抽样调查样本数据，适合观察年龄结构占比变化，不代表全国实际人口规模。
2016,65-69岁,48454,1158019,0.04184214594,人,人口抽样调查样本数据,人口抽样调查样本数据_年度数据.xlsx,data/raw/official_statistics/人口抽样调查样本数据_年度数据.xlsx,该数据为人口抽样调查样本数据，适合观察年龄结构占比变化，不代表全国实际人口规模。
2016,70-74岁,31677,1158019,0.02735447346,人,人口抽样调查样本数据,人口抽样调查样本数据_年度数据.xlsx,data/raw/official_statistics/人口抽样调查样本数据_年度数据.xlsx,该数据为人口抽样调查样本数据，适合观察年龄结构占比变化，不代表全国实际人口规模。
2016,75-79岁,22449,1158019,0.01938569229,人,人口抽样调查样本数据,人口抽样调查样本数据_年度数据.xlsx,data/raw/official_statistics/人口抽样调查样本数据_年度数据.xlsx,该数据为人口抽样调查样本数据，适合观察年龄结构占比变化，不代表全国实际人口规模。
2016,80-84岁,14331,1158019,0.01237544462,人,人口抽样调查样本数据,人口抽样调查样本数据_年度数据.xlsx,data/raw/official_statistics/人口抽样调查样本数据_年度数据.xlsx,该数据为人口抽样调查样本数据，适合观察年龄结构占比变化，不代表全国实际人口规模。
2016,85-89岁,6416,1158019,0.005540496313,人,人口抽样调查样本数据,人口抽样调查样本数据_年度数据.xlsx,data/raw/official_statistics/人口抽样调查样本数据_年度数据.xlsx,该数据为人口抽样调查样本数据，适合观察年龄结构占比变化，不代表全国实际人口规模。
2016,90-94岁,1902,1158019,0.001642460098,人,人口抽样调查样本数据,人口抽样调查样本数据_年度数据.xlsx,data/raw/official_statistics/人口抽样调查样本数据_年度数据.xlsx,该数据为人口抽样调查样本数据，适合观察年龄结构占比变化，不代表全国实际人口规模。
2016,95岁以上,413,1158019,0.0003566435438,人,人口抽样调查样本数据,人口抽样调查样本数据_年度数据.xlsx,data/raw/official_statistics/人口抽样调查样本数据_年度数据.xlsx,该数据为人口抽样调查样本数据，适合观察年龄结构占比变化，不代表全国实际人口规模。
2017,0-4岁,68313,1145246,0.05964919327,人,人口抽样调查样本数据,人口抽样调查样本数据_年度数据.xlsx,data/raw/official_statistics/人口抽样调查样本数据_年度数据.xlsx,该数据为人口抽样调查样本数据，适合观察年龄结构占比变化，不代表全国实际人口规模。
2017,5-9岁,63314,1145246,0.05528419222,人,人口抽样调查样本数据,人口抽样调查样本数据_年度数据.xlsx,data/raw/official_statistics/人口抽样调查样本数据_年度数据.xlsx,该数据为人口抽样调查样本数据，适合观察年龄结构占比变化，不代表全国实际人口规模。
2017,10-14岁,60727,1145246,0.05302528889,人,人口抽样调查样本数据,人口抽样调查样本数据_年度数据.xlsx,data/raw/official_statistics/人口抽样调查样本数据_年度数据.xlsx,该数据为人口抽样调查样本数据，适合观察年龄结构占比变化，不代表全国实际人口规模。
2017,15-19岁,59251,1145246,0.05173648282,人,人口抽样调查样本数据,人口抽样调查样本数据_年度数据.xlsx,data/raw/official_statistics/人口抽样调查样本数据_年度数据.xlsx,该数据为人口抽样调查样本数据，适合观察年龄结构占比变化，不代表全国实际人口规模。
2017,15-29岁,233137,1145246,0.2035693641,人,人口抽样调查样本数据,人口抽样调查样本数据_年度数据.xlsx,data/raw/official_statistics/人口抽样调查样本数据_年度数据.xlsx,该数据为人口抽样调查样本数据，适合观察年龄结构占比变化，不代表全国实际人口规模。
2017,20-24岁,73185,1145246,0.06390330112,人,人口抽样调查样本数据,人口抽样调查样本数据_年度数据.xlsx,data/raw/official_statistics/人口抽样调查样本数据_年度数据.xlsx,该数据为人口抽样调查样本数据，适合观察年龄结构占比变化，不代表全国实际人口规模。
2017,20-29岁,173886,1145246,0.1518328813,人,人口抽样调查样本数据,人口抽样调查样本数据_年度数据.xlsx,data/raw/official_statistics/人口抽样调查样本数据_年度数据.xlsx,该数据为人口抽样调查样本数据，适合观察年龄结构占比变化，不代表全国实际人口规模。
2017,25-29岁,100701,1145246,0.08792958019,人,人口抽样调查样本数据,人口抽样调查样本数据_年度数据.xlsx,data/raw/official_statistics/人口抽样调查样本数据_年度数据.xlsx,该数据为人口抽样调查样本数据，适合观察年龄结构占比变化，不代表全国实际人口规模。
2017,30-34岁,88959,1145246,0.07767676115,人,人口抽样调查样本数据,人口抽样调查样本数据_年度数据.xlsx,data/raw/official_statistics/人口抽样调查样本数据_年度数据.xlsx,该数据为人口抽样调查样本数据，适合观察年龄结构占比变化，不代表全国实际人口规模。
2017,35-39岁,82553,1145246,0.07208320308,人,人口抽样调查样本数据,人口抽样调查样本数据_年度数据.xlsx,data/raw/official_statistics/人口抽样调查样本数据_年度数据.xlsx,该数据为人口抽样调查样本数据，适合观察年龄结构占比变化，不代表全国实际人口规模。
2017,40-44岁,87713,1145246,0.07658878529,人,人口抽样调查样本数据,人口抽样调查样本数据_年度数据.xlsx,data/raw/official_statistics/人口抽样调查样本数据_年度数据.xlsx,该数据为人口抽样调查样本数据，适合观察年龄结构占比变化，不代表全国实际人口规模。
2017,45-49岁,105476,1145246,0.09209899009,人,人口抽样调查样本数据,人口抽样调查样本数据_年度数据.xlsx,data/raw/official_statistics/人口抽样调查样本数据_年度数据.xlsx,该数据为人口抽样调查样本数据，适合观察年龄结构占比变化，不代表全国实际人口规模。
2017,50-54岁,96760,1145246,0.08448839813,人,人口抽样调查样本数据,人口抽样调查样本数据_年度数据.xlsx,data/raw/official_statistics/人口抽样调查样本数据_年度数据.xlsx,该数据为人口抽样调查样本数据，适合观察年龄结构占比变化，不代表全国实际人口规模。
2017,55-59岁,59823,1145246,0.05223593883,人,人口抽样调查样本数据,人口抽样调查样本数据_年度数据.xlsx,data/raw/official_statistics/人口抽样调查样本数据_年度数据.xlsx,该数据为人口抽样调查样本数据，适合观察年龄结构占比变化，不代表全国实际人口规模。
2017,60-64岁,68044,1145246,0.05941430924,人,人口抽样调查样本数据,人口抽样调查样本数据_年度数据.xlsx,data/raw/official_statistics/人口抽样调查样本数据_年度数据.xlsx,该数据为人口抽样调查样本数据，适合观察年龄结构占比变化，不代表全国实际人口规模。
2017,65-69岁,51552,1145246,0.04501390968,人,人口抽样调查样本数据,人口抽样调查样本数据_年度数据.xlsx,data/raw/official_statistics/人口抽样调查样本数据_年度数据.xlsx,该数据为人口抽样调查样本数据，适合观察年龄结构占比变化，不代表全国实际人口规模。
2017,70-74岁,32590,1145246,0.02845676824,人,人口抽样调查样本数据,人口抽样调查样本数据_年度数据.xlsx,data/raw/official_statistics/人口抽样调查样本数据_年度数据.xlsx,该数据为人口抽样调查样本数据，适合观察年龄结构占比变化，不代表全国实际人口规模。
2017,75-79岁,22553,1145246,0.01969271231,人,人口抽样调查样本数据,人口抽样调查样本数据_年度数据.xlsx,data/raw/official_statistics/人口抽样调查样本数据_年度数据.xlsx,该数据为人口抽样调查样本数据，适合观察年龄结构占比变化，不代表全国实际人口规模。
2017,80-84岁,14708,1145246,0.01284265564,人,人口抽样调查样本数据,人口抽样调查样本数据_年度数据.xlsx,data/raw/official_statistics/人口抽样调查样本数据_年度数据.xlsx,该数据为人口抽样调查样本数据，适合观察年龄结构占比变化，不代表全国实际人口规模。
2017,85-89岁,6606,1145246,0.005768193035,人,人口抽样调查样本数据,人口抽样调查样本数据_年度数据.xlsx,data/raw/official_statistics/人口抽样调查样本数据_年度数据.xlsx,该数据为人口抽样调查样本数据，适合观察年龄结构占比变化，不代表全国实际人口规模。
2017,90-94岁,1964,1145246,0.001714915398,人,人口抽样调查样本数据,人口抽样调查样本数据_年度数据.xlsx,data/raw/official_statistics/人口抽样调查样本数据_年度数据.xlsx,该数据为人口抽样调查样本数据，适合观察年龄结构占比变化，不代表全国实际人口规模。
2017,95岁以上,455,1145246,0.0003972945551,人,人口抽样调查样本数据,人口抽样调查样本数据_年度数据.xlsx,data/raw/official_statistics/人口抽样调查样本数据_年度数据.xlsx,该数据为人口抽样调查样本数据，适合观察年龄结构占比变化，不代表全国实际人口规模。
2018,0-4岁,67393,1144648,0.05887661534,人,人口抽样调查样本数据,人口抽样调查样本数据_年度数据.xlsx,data/raw/official_statistics/人口抽样调查样本数据_年度数据.xlsx,该数据为人口抽样调查样本数据，适合观察年龄结构占比变化，不代表全国实际人口规模。
2018,5-9岁,63322,1144648,0.05532006346,人,人口抽样调查样本数据,人口抽样调查样本数据_年度数据.xlsx,data/raw/official_statistics/人口抽样调查样本数据_年度数据.xlsx,该数据为人口抽样调查样本数据，适合观察年龄结构占比变化，不代表全国实际人口规模。
2018,10-14岁,62248,1144648,0.05438178374,人,人口抽样调查样本数据,人口抽样调查样本数据_年度数据.xlsx,data/raw/official_statistics/人口抽样调查样本数据_年度数据.xlsx,该数据为人口抽样调查样本数据，适合观察年龄结构占比变化，不代表全国实际人口规模。
2018,15-19岁,58258,1144648,0.05089599597,人,人口抽样调查样本数据,人口抽样调查样本数据_年度数据.xlsx,data/raw/official_statistics/人口抽样调查样本数据_年度数据.xlsx,该数据为人口抽样调查样本数据，适合观察年龄结构占比变化，不代表全国实际人口规模。
2018,15-29岁,219285,1144648,0.1915741783,人,人口抽样调查样本数据,人口抽样调查样本数据_年度数据.xlsx,data/raw/official_statistics/人口抽样调查样本数据_年度数据.xlsx,该数据为人口抽样调查样本数据，适合观察年龄结构占比变化，不代表全国实际人口规模。
2018,20-24岁,68050,1144648,0.05945059092,人,人口抽样调查样本数据,人口抽样调查样本数据_年度数据.xlsx,data/raw/official_statistics/人口抽样调查样本数据_年度数据.xlsx,该数据为人口抽样调查样本数据，适合观察年龄结构占比变化，不代表全国实际人口规模。
2018,20-29岁,161027,1144648,0.1406781823,人,人口抽样调查样本数据,人口抽样调查样本数据_年度数据.xlsx,data/raw/official_statistics/人口抽样调查样本数据_年度数据.xlsx,该数据为人口抽样调查样本数据，适合观察年龄结构占比变化，不代表全国实际人口规模。
2018,25-29岁,92977,1144648,0.08122759136,人,人口抽样调查样本数据,人口抽样调查样本数据_年度数据.xlsx,data/raw/official_statistics/人口抽样调查样本数据_年度数据.xlsx,该数据为人口抽样调查样本数据，适合观察年龄结构占比变化，不代表全国实际人口规模。
2018,30-34岁,93201,1144648,0.08142328471,人,人口抽样调查样本数据,人口抽样调查样本数据_年度数据.xlsx,data/raw/official_statistics/人口抽样调查样本数据_年度数据.xlsx,该数据为人口抽样调查样本数据，适合观察年龄结构占比变化，不代表全国实际人口规模。
2018,35-39岁,81886,1144648,0.07153814972,人,人口抽样调查样本数据,人口抽样调查样本数据_年度数据.xlsx,data/raw/official_statistics/人口抽样调查样本数据_年度数据.xlsx,该数据为人口抽样调查样本数据，适合观察年龄结构占比变化，不代表全国实际人口规模。
2018,40-44岁,83574,1144648,0.07301283888,人,人口抽样调查样本数据,人口抽样调查样本数据_年度数据.xlsx,data/raw/official_statistics/人口抽样调查样本数据_年度数据.xlsx,该数据为人口抽样调查样本数据，适合观察年龄结构占比变化，不代表全国实际人口规模。
2018,45-49岁,102384,1144648,0.08944583837,人,人口抽样调查样本数据,人口抽样调查样本数据_年度数据.xlsx,data/raw/official_statistics/人口抽样调查样本数据_年度数据.xlsx,该数据为人口抽样调查样本数据，适合观察年龄结构占比变化，不代表全国实际人口规模。
2018,50-54岁,96850,1144648,0.08461116431,人,人口抽样调查样本数据,人口抽样调查样本数据_年度数据.xlsx,data/raw/official_statistics/人口抽样调查样本数据_年度数据.xlsx,该数据为人口抽样调查样本数据，适合观察年龄结构占比变化，不代表全国实际人口规模。
2018,55-59岁,69844,1144648,0.06101788497,人,人口抽样调查样本数据,人口抽样调查样本数据_年度数据.xlsx,data/raw/official_statistics/人口抽样调查样本数据_年度数据.xlsx,该数据为人口抽样调查样本数据，适合观察年龄结构占比变化，不代表全国实际人口规模。
2018,60-64岁,68014,1144648,0.05941914021,人,人口抽样调查样本数据,人口抽样调查样本数据_年度数据.xlsx,data/raw/official_statistics/人口抽样调查样本数据_年度数据.xlsx,该数据为人口抽样调查样本数据，适合观察年龄结构占比变化，不代表全国实际人口规模。
2018,65-69岁,54799,1144648,0.04787410628,人,人口抽样调查样本数据,人口抽样调查样本数据_年度数据.xlsx,data/raw/official_statistics/人口抽样调查样本数据_年度数据.xlsx,该数据为人口抽样调查样本数据，适合观察年龄结构占比变化，不代表全国实际人口规模。
2018,70-74岁,34810,1144648,0.03041109581,人,人口抽样调查样本数据,人口抽样调查样本数据_年度数据.xlsx,data/raw/official_statistics/人口抽样调查样本数据_年度数据.xlsx,该数据为人口抽样调查样本数据，适合观察年龄结构占比变化，不代表全国实际人口规模。
2018,75-79岁,22799,1144648,0.01991791363,人,人口抽样调查样本数据,人口抽样调查样本数据_年度数据.xlsx,data/raw/official_statistics/人口抽样调查样本数据_年度数据.xlsx,该数据为人口抽样调查样本数据，适合观察年龄结构占比变化，不代表全国实际人口规模。
2018,80-84岁,14845,1144648,0.01296905249,人,人口抽样调查样本数据,人口抽样调查样本数据_年度数据.xlsx,data/raw/official_statistics/人口抽样调查样本数据_年度数据.xlsx,该数据为人口抽样调查样本数据，适合观察年龄结构占比变化，不代表全国实际人口规模。
2018,85-89岁,6902,1144648,0.006029801301,人,人口抽样调查样本数据,人口抽样调查样本数据_年度数据.xlsx,data/raw/official_statistics/人口抽样调查样本数据_年度数据.xlsx,该数据为人口抽样调查样本数据，适合观察年龄结构占比变化，不代表全国实际人口规模。
2018,90-94岁,2031,1144648,0.001774344602,人,人口抽样调查样本数据,人口抽样调查样本数据_年度数据.xlsx,data/raw/official_statistics/人口抽样调查样本数据_年度数据.xlsx,该数据为人口抽样调查样本数据，适合观察年龄结构占比变化，不代表全国实际人口规模。
2018,95岁以上,458,1144648,0.0004001230072,人,人口抽样调查样本数据,人口抽样调查样本数据_年度数据.xlsx,data/raw/official_statistics/人口抽样调查样本数据_年度数据.xlsx,该数据为人口抽样调查样本数据，适合观察年龄结构占比变化，不代表全国实际人口规模。
2019,0-4岁,62722,1091876,0.05744425191,人,人口抽样调查样本数据,人口抽样调查样本数据_年度数据.xlsx,data/raw/official_statistics/人口抽样调查样本数据_年度数据.xlsx,该数据为人口抽样调查样本数据，适合观察年龄结构占比变化，不代表全国实际人口规模。
2019,5-9岁,60701,1091876,0.05559330913,人,人口抽样调查样本数据,人口抽样调查样本数据_年度数据.xlsx,data/raw/official_statistics/人口抽样调查样本数据_年度数据.xlsx,该数据为人口抽样调查样本数据，适合观察年龄结构占比变化，不代表全国实际人口规模。
2019,10-14岁,59844,1091876,0.05480842147,人,人口抽样调查样本数据,人口抽样调查样本数据_年度数据.xlsx,data/raw/official_statistics/人口抽样调查样本数据_年度数据.xlsx,该数据为人口抽样调查样本数据，适合观察年龄结构占比变化，不代表全国实际人口规模。
2019,15-19岁,55822,1091876,0.05112485301,人,人口抽样调查样本数据,人口抽样调查样本数据_年度数据.xlsx,data/raw/official_statistics/人口抽样调查样本数据_年度数据.xlsx,该数据为人口抽样调查样本数据，适合观察年龄结构占比变化，不代表全国实际人口规模。
2019,15-29岁,199082,1091876,0.182330228,人,人口抽样调查样本数据,人口抽样调查样本数据_年度数据.xlsx,data/raw/official_statistics/人口抽样调查样本数据_年度数据.xlsx,该数据为人口抽样调查样本数据，适合观察年龄结构占比变化，不代表全国实际人口规模。
2019,20-24岁,61519,1091876,0.05634247845,人,人口抽样调查样本数据,人口抽样调查样本数据_年度数据.xlsx,data/raw/official_statistics/人口抽样调查样本数据_年度数据.xlsx,该数据为人口抽样调查样本数据，适合观察年龄结构占比变化，不代表全国实际人口规模。
2019,20-29岁,143260,1091876,0.131205375,人,人口抽样调查样本数据,人口抽样调查样本数据_年度数据.xlsx,data/raw/official_statistics/人口抽样调查样本数据_年度数据.xlsx,该数据为人口抽样调查样本数据，适合观察年龄结构占比变化，不代表全国实际人口规模。
2019,25-29岁,81741,1091876,0.07486289652,人,人口抽样调查样本数据,人口抽样调查样本数据_年度数据.xlsx,data/raw/official_statistics/人口抽样调查样本数据_年度数据.xlsx,该数据为人口抽样调查样本数据，适合观察年龄结构占比变化，不代表全国实际人口规模。
2019,30-34岁,93971,1091876,0.08606380212,人,人口抽样调查样本数据,人口抽样调查样本数据_年度数据.xlsx,data/raw/official_statistics/人口抽样调查样本数据_年度数据.xlsx,该数据为人口抽样调查样本数据，适合观察年龄结构占比变化，不代表全国实际人口规模。
2019,35-39岁,77703,1091876,0.07116467438,人,人口抽样调查样本数据,人口抽样调查样本数据_年度数据.xlsx,data/raw/official_statistics/人口抽样调查样本数据_年度数据.xlsx,该数据为人口抽样调查样本数据，适合观察年龄结构占比变化，不代表全国实际人口规模。
2019,40-44岁,77044,1091876,0.07056112599,人,人口抽样调查样本数据,人口抽样调查样本数据_年度数据.xlsx,data/raw/official_statistics/人口抽样调查样本数据_年度数据.xlsx,该数据为人口抽样调查样本数据，适合观察年龄结构占比变化，不代表全国实际人口规模。
2019,45-49岁,95621,1091876,0.08757496272,人,人口抽样调查样本数据,人口抽样调查样本数据_年度数据.xlsx,data/raw/official_statistics/人口抽样调查样本数据_年度数据.xlsx,该数据为人口抽样调查样本数据，适合观察年龄结构占比变化，不代表全国实际人口规模。
2019,50-54岁,93125,1091876,0.08528898886,人,人口抽样调查样本数据,人口抽样调查样本数据_年度数据.xlsx,data/raw/official_statistics/人口抽样调查样本数据_年度数据.xlsx,该数据为人口抽样调查样本数据，适合观察年龄结构占比变化，不代表全国实际人口规模。
2019,55-59岁,74068,1091876,0.06783554176,人,人口抽样调查样本数据,人口抽样调查样本数据_年度数据.xlsx,data/raw/official_statistics/人口抽样调查样本数据_年度数据.xlsx,该数据为人口抽样调查样本数据，适合观察年龄结构占比变化，不代表全国实际人口规模。
2019,60-64岁,60712,1091876,0.05560338353,人,人口抽样调查样本数据,人口抽样调查样本数据_年度数据.xlsx,data/raw/official_statistics/人口抽样调查样本数据_年度数据.xlsx,该数据为人口抽样调查样本数据，适合观察年龄结构占比变化，不代表全国实际人口规模。
2019,65-69岁,55086,1091876,0.05045078379,人,人口抽样调查样本数据,人口抽样调查样本数据_年度数据.xlsx,data/raw/official_statistics/人口抽样调查样本数据_年度数据.xlsx,该数据为人口抽样调查样本数据，适合观察年龄结构占比变化，不代表全国实际人口规模。
2019,70-74岁,35665,1091876,0.03266396551,人,人口抽样调查样本数据,人口抽样调查样本数据_年度数据.xlsx,data/raw/official_statistics/人口抽样调查样本数据_年度数据.xlsx,该数据为人口抽样调查样本数据，适合观察年龄结构占比变化，不代表全国实际人口规模。
2019,75-79岁,22610,1091876,0.0207074796,人,人口抽样调查样本数据,人口抽样调查样本数据_年度数据.xlsx,data/raw/official_statistics/人口抽样调查样本数据_年度数据.xlsx,该数据为人口抽样调查样本数据，适合观察年龄结构占比变化，不代表全国实际人口规模。
2019,80-84岁,14322,1091876,0.01311687408,人,人口抽样调查样本数据,人口抽样调查样本数据_年度数据.xlsx,data/raw/official_statistics/人口抽样调查样本数据_年度数据.xlsx,该数据为人口抽样调查样本数据，适合观察年龄结构占比变化，不代表全国实际人口规模。
2019,85-89岁,7036,1091876,0.006443955174,人,人口抽样调查样本数据,人口抽样调查样本数据_年度数据.xlsx,data/raw/official_statistics/人口抽样调查样本数据_年度数据.xlsx,该数据为人口抽样调查样本数据，适合观察年龄结构占比变化，不代表全国实际人口规模。
2019,90-94岁,2113,1091876,0.001935201433,人,人口抽样调查样本数据,人口抽样调查样本数据_年度数据.xlsx,data/raw/official_statistics/人口抽样调查样本数据_年度数据.xlsx,该数据为人口抽样调查样本数据，适合观察年龄结构占比变化，不代表全国实际人口规模。
2019,95岁以上,450,1091876,0.0004121347113,人,人口抽样调查样本数据,人口抽样调查样本数据_年度数据.xlsx,data/raw/official_statistics/人口抽样调查样本数据_年度数据.xlsx,该数据为人口抽样调查样本数据，适合观察年龄结构占比变化，不代表全国实际人口规模。
2020,0-4岁,73867.43,1386579.45,0.05327313195,人,人口抽样调查样本数据,人口抽样调查样本数据_年度数据.xlsx,data/raw/official_statistics/人口抽样调查样本数据_年度数据.xlsx,该数据为人口抽样调查样本数据，适合观察年龄结构占比变化，不代表全国实际人口规模。
2020,5-9岁,88010.32,1386579.45,0.06347297301,人,人口抽样调查样本数据,人口抽样调查样本数据_年度数据.xlsx,data/raw/official_statistics/人口抽样调查样本数据_年度数据.xlsx,该数据为人口抽样调查样本数据，适合观察年龄结构占比变化，不代表全国实际人口规模。
2020,10-14岁,82085.8,1386579.45,0.05920021388,人,人口抽样调查样本数据,人口抽样调查样本数据_年度数据.xlsx,data/raw/official_statistics/人口抽样调查样本数据_年度数据.xlsx,该数据为人口抽样调查样本数据，适合观察年龄结构占比变化，不代表全国实际人口规模。
2020,15-19岁,77884.15,1386579.45,0.05616998723,人,人口抽样调查样本数据,人口抽样调查样本数据_年度数据.xlsx,data/raw/official_statistics/人口抽样调查样本数据_年度数据.xlsx,该数据为人口抽样调查样本数据，适合观察年龄结构占比变化，不代表全国实际人口规模。
2020,15-29岁,239856.05,1386579.45,0.1729839931,人,人口抽样调查样本数据,人口抽样调查样本数据_年度数据.xlsx,data/raw/official_statistics/人口抽样调查样本数据_年度数据.xlsx,该数据为人口抽样调查样本数据，适合观察年龄结构占比变化，不代表全国实际人口规模。
2020,20-24岁,73032.73,1386579.45,0.05267114697,人,人口抽样调查样本数据,人口抽样调查样本数据_年度数据.xlsx,data/raw/official_statistics/人口抽样调查样本数据_年度数据.xlsx,该数据为人口抽样调查样本数据，适合观察年龄结构占比变化，不代表全国实际人口规模。
2020,20-29岁,161971.9,1386579.45,0.1168140059,人,人口抽样调查样本数据,人口抽样调查样本数据_年度数据.xlsx,data/raw/official_statistics/人口抽样调查样本数据_年度数据.xlsx,该数据为人口抽样调查样本数据，适合观察年龄结构占比变化，不代表全国实际人口规模。
2020,25-29岁,88939.17,1386579.45,0.06414285889,人,人口抽样调查样本数据,人口抽样调查样本数据_年度数据.xlsx,data/raw/official_statistics/人口抽样调查样本数据_年度数据.xlsx,该数据为人口抽样调查样本数据，适合观察年龄结构占比变化，不代表全国实际人口规模。
2020,30-34岁,123986.51,1386579.45,0.08941897271,人,人口抽样调查样本数据,人口抽样调查样本数据_年度数据.xlsx,data/raw/official_statistics/人口抽样调查样本数据_年度数据.xlsx,该数据为人口抽样调查样本数据，适合观察年龄结构占比变化，不代表全国实际人口规模。
2020,35-39岁,99132.8,1386579.45,0.07149449676,人,人口抽样调查样本数据,人口抽样调查样本数据_年度数据.xlsx,data/raw/official_statistics/人口抽样调查样本数据_年度数据.xlsx,该数据为人口抽样调查样本数据，适合观察年龄结构占比变化，不代表全国实际人口规模。
2020,40-44岁,92463.32,1386579.45,0.06668447308,人,人口抽样调查样本数据,人口抽样调查样本数据_年度数据.xlsx,data/raw/official_statistics/人口抽样调查样本数据_年度数据.xlsx,该数据为人口抽样调查样本数据，适合观察年龄结构占比变化，不代表全国实际人口规模。
2020,45-49岁,112862.79,1386579.45,0.08139655467,人,人口抽样调查样本数据,人口抽样调查样本数据_年度数据.xlsx,data/raw/official_statistics/人口抽样调查样本数据_年度数据.xlsx,该数据为人口抽样调查样本数据，适合观察年龄结构占比变化，不代表全国实际人口规模。
2020,50-54岁,119261.8,1386579.45,0.0860115156,人,人口抽样调查样本数据,人口抽样调查样本数据_年度数据.xlsx,data/raw/official_statistics/人口抽样调查样本数据_年度数据.xlsx,该数据为人口抽样调查样本数据，适合观察年龄结构占比变化，不代表全国实际人口规模。
2020,55-59岁,99801.62,1386579.45,0.07197684922,人,人口抽样调查样本数据,人口抽样调查样本数据_年度数据.xlsx,data/raw/official_statistics/人口抽样调查样本数据_年度数据.xlsx,该数据为人口抽样调查样本数据，适合观察年龄结构占比变化，不代表全国实际人口规模。
2020,60-64岁,72123.31,1386579.45,0.05201527399,人,人口抽样调查样本数据,人口抽样调查样本数据_年度数据.xlsx,data/raw/official_statistics/人口抽样调查样本数据_年度数据.xlsx,该数据为人口抽样调查样本数据，适合观察年龄结构占比变化，不代表全国实际人口规模。
2020,65-69岁,72610.13,1386579.45,0.05236636819,人,人口抽样调查样本数据,人口抽样调查样本数据_年度数据.xlsx,data/raw/official_statistics/人口抽样调查样本数据_年度数据.xlsx,该数据为人口抽样调查样本数据，适合观察年龄结构占比变化，不代表全国实际人口规模。
2020,70-74岁,48136.47,1386579.45,0.034715984,人,人口抽样调查样本数据,人口抽样调查样本数据_年度数据.xlsx,data/raw/official_statistics/人口抽样调查样本数据_年度数据.xlsx,该数据为人口抽样调查样本数据，适合观察年龄结构占比变化，不代表全国实际人口规模。
2020,75-79岁,29805.08,1386579.45,0.02149540007,人,人口抽样调查样本数据,人口抽样调查样本数据_年度数据.xlsx,data/raw/official_statistics/人口抽样调查样本数据_年度数据.xlsx,该数据为人口抽样调查样本数据，适合观察年龄结构占比变化，不代表全国实际人口规模。
2020,80-84岁,18977.5,1386579.45,0.01368655795,人,人口抽样调查样本数据,人口抽样调查样本数据_年度数据.xlsx,data/raw/official_statistics/人口抽样调查样本数据_年度数据.xlsx,该数据为人口抽样调查样本数据，适合观察年龄结构占比变化，不代表全国实际人口规模。
2020,85-89岁,9738.18,1386579.45,0.007023167695,人,人口抽样调查样本数据,人口抽样调查样本数据_年度数据.xlsx,data/raw/official_statistics/人口抽样调查样本数据_年度数据.xlsx,该数据为人口抽样调查样本数据，适合观察年龄结构占比变化，不代表全国实际人口规模。
2020,90-94岁,3128.46,1386579.45,0.002256242872,人,人口抽样调查样本数据,人口抽样调查样本数据_年度数据.xlsx,data/raw/official_statistics/人口抽样调查样本数据_年度数据.xlsx,该数据为人口抽样调查样本数据，适合观察年龄结构占比变化，不代表全国实际人口规模。
2020,95岁以上,711.88,1386579.45,0.0005134072916,人,人口抽样调查样本数据,人口抽样调查样本数据_年度数据.xlsx,data/raw/official_statistics/人口抽样调查样本数据_年度数据.xlsx,该数据为人口抽样调查样本数据，适合观察年龄结构占比变化，不代表全国实际人口规模。
2021,0-4岁,72978,1494054,0.04884562405,人,人口抽样调查样本数据,人口抽样调查样本数据_年度数据.xlsx,data/raw/official_statistics/人口抽样调查样本数据_年度数据.xlsx,该数据为人口抽样调查样本数据，适合观察年龄结构占比变化，不代表全国实际人口规模。
2021,5-9岁,96094,1494054,0.06431762172,人,人口抽样调查样本数据,人口抽样调查样本数据_年度数据.xlsx,data/raw/official_statistics/人口抽样调查样本数据_年度数据.xlsx,该数据为人口抽样调查样本数据，适合观察年龄结构占比变化，不代表全国实际人口规模。
2021,10-14岁,92304,1494054,0.06178089949,人,人口抽样调查样本数据,人口抽样调查样本数据_年度数据.xlsx,data/raw/official_statistics/人口抽样调查样本数据_年度数据.xlsx,该数据为人口抽样调查样本数据，适合观察年龄结构占比变化，不代表全国实际人口规模。
2021,15-19岁,79414,1494054,0.05315336661,人,人口抽样调查样本数据,人口抽样调查样本数据_年度数据.xlsx,data/raw/official_statistics/人口抽样调查样本数据_年度数据.xlsx,该数据为人口抽样调查样本数据，适合观察年龄结构占比变化，不代表全国实际人口规模。
2021,15-29岁,248399,1494054,0.1662583816,人,人口抽样调查样本数据,人口抽样调查样本数据_年度数据.xlsx,data/raw/official_statistics/人口抽样调查样本数据_年度数据.xlsx,该数据为人口抽样调查样本数据，适合观察年龄结构占比变化，不代表全国实际人口规模。
2021,20-24岁,77256,1494054,0.05170897437,人,人口抽样调查样本数据,人口抽样调查样本数据_年度数据.xlsx,data/raw/official_statistics/人口抽样调查样本数据_年度数据.xlsx,该数据为人口抽样调查样本数据，适合观察年龄结构占比变化，不代表全国实际人口规模。
2021,20-29岁,168985,1494054,0.1131050149,人,人口抽样调查样本数据,人口抽样调查样本数据_年度数据.xlsx,data/raw/official_statistics/人口抽样调查样本数据_年度数据.xlsx,该数据为人口抽样调查样本数据，适合观察年龄结构占比变化，不代表全国实际人口规模。
2021,25-29岁,91729,1494054,0.06139604057,人,人口抽样调查样本数据,人口抽样调查样本数据_年度数据.xlsx,data/raw/official_statistics/人口抽样调查样本数据_年度数据.xlsx,该数据为人口抽样调查样本数据，适合观察年龄结构占比变化，不代表全国实际人口规模。
2021,30-34岁,128056,1494054,0.08571042278,人,人口抽样调查样本数据,人口抽样调查样本数据_年度数据.xlsx,data/raw/official_statistics/人口抽样调查样本数据_年度数据.xlsx,该数据为人口抽样调查样本数据，适合观察年龄结构占比变化，不代表全国实际人口规模。
2021,35-39岁,109171,1494054,0.0730703174,人,人口抽样调查样本数据,人口抽样调查样本数据_年度数据.xlsx,data/raw/official_statistics/人口抽样调查样本数据_年度数据.xlsx,该数据为人口抽样调查样本数据，适合观察年龄结构占比变化，不代表全国实际人口规模。
2021,40-44岁,98023,1494054,0.06560873971,人,人口抽样调查样本数据,人口抽样调查样本数据_年度数据.xlsx,data/raw/official_statistics/人口抽样调查样本数据_年度数据.xlsx,该数据为人口抽样调查样本数据，适合观察年龄结构占比变化，不代表全国实际人口规模。
2021,45-49岁,114545,1494054,0.07666724228,人,人口抽样调查样本数据,人口抽样调查样本数据_年度数据.xlsx,data/raw/official_statistics/人口抽样调查样本数据_年度数据.xlsx,该数据为人口抽样调查样本数据，适合观察年龄结构占比变化，不代表全国实际人口规模。
2021,50-54岁,129319,1494054,0.08655577375,人,人口抽样调查样本数据,人口抽样调查样本数据_年度数据.xlsx,data/raw/official_statistics/人口抽样调查样本数据_年度数据.xlsx,该数据为人口抽样调查样本数据，适合观察年龄结构占比变化，不代表全国实际人口规模。
2021,55-59岁,121989,1494054,0.08164965925,人,人口抽样调查样本数据,人口抽样调查样本数据_年度数据.xlsx,data/raw/official_statistics/人口抽样调查样本数据_年度数据.xlsx,该数据为人口抽样调查样本数据，适合观察年龄结构占比变化，不代表全国实际人口规模。
2021,60-64岁,70755,1494054,0.04735772603,人,人口抽样调查样本数据,人口抽样调查样本数据_年度数据.xlsx,data/raw/official_statistics/人口抽样调查样本数据_年度数据.xlsx,该数据为人口抽样调查样本数据，适合观察年龄结构占比变化，不代表全国实际人口规模。
2021,65-69岁,81345,1494054,0.05444582324,人,人口抽样调查样本数据,人口抽样调查样本数据_年度数据.xlsx,data/raw/official_statistics/人口抽样调查样本数据_年度数据.xlsx,该数据为人口抽样调查样本数据，适合观察年龄结构占比变化，不代表全国实际人口规模。
2021,70-74岁,56208,1494054,0.03762113016,人,人口抽样调查样本数据,人口抽样调查样本数据_年度数据.xlsx,data/raw/official_statistics/人口抽样调查样本数据_年度数据.xlsx,该数据为人口抽样调查样本数据，适合观察年龄结构占比变化，不代表全国实际人口规模。
2021,75-79岁,34886,1494054,0.02334989231,人,人口抽样调查样本数据,人口抽样调查样本数据_年度数据.xlsx,data/raw/official_statistics/人口抽样调查样本数据_年度数据.xlsx,该数据为人口抽样调查样本数据，适合观察年龄结构占比变化，不代表全国实际人口规模。
2021,80-84岁,22543,1494054,0.01508847739,人,人口抽样调查样本数据,人口抽样调查样本数据_年度数据.xlsx,data/raw/official_statistics/人口抽样调查样本数据_年度数据.xlsx,该数据为人口抽样调查样本数据，适合观察年龄结构占比变化，不代表全国实际人口规模。
2021,85-89岁,12317,1494054,0.008244012599,人,人口抽样调查样本数据,人口抽样调查样本数据_年度数据.xlsx,data/raw/official_statistics/人口抽样调查样本数据_年度数据.xlsx,该数据为人口抽样调查样本数据，适合观察年龄结构占比变化，不代表全国实际人口规模。
2021,90-94岁,4249,1494054,0.002843940045,人,人口抽样调查样本数据,人口抽样调查样本数据_年度数据.xlsx,data/raw/official_statistics/人口抽样调查样本数据_年度数据.xlsx,该数据为人口抽样调查样本数据，适合观察年龄结构占比变化，不代表全国实际人口规模。
2021,95岁以上,871,1494054,0.0005829775898,人,人口抽样调查样本数据,人口抽样调查样本数据_年度数据.xlsx,data/raw/official_statistics/人口抽样调查样本数据_年度数据.xlsx,该数据为人口抽样调查样本数据，适合观察年龄结构占比变化，不代表全国实际人口规模。
2022,0-4岁,62248,1443996,0.04310815265,人,人口抽样调查样本数据,人口抽样调查样本数据_年度数据.xlsx,data/raw/official_statistics/人口抽样调查样本数据_年度数据.xlsx,该数据为人口抽样调查样本数据，适合观察年龄结构占比变化，不代表全国实际人口规模。
2022,5-9岁,90793,1443996,0.06287621295,人,人口抽样调查样本数据,人口抽样调查样本数据_年度数据.xlsx,data/raw/official_statistics/人口抽样调查样本数据_年度数据.xlsx,该数据为人口抽样调查样本数据，适合观察年龄结构占比变化，不代表全国实际人口规模。
2022,10-14岁,91846,1443996,0.06360543935,人,人口抽样调查样本数据,人口抽样调查样本数据_年度数据.xlsx,data/raw/official_statistics/人口抽样调查样本数据_年度数据.xlsx,该数据为人口抽样调查样本数据，适合观察年龄结构占比变化，不代表全国实际人口规模。
2022,15-19岁,79560,1443996,0.05509710553,人,人口抽样调查样本数据,人口抽样调查样本数据_年度数据.xlsx,data/raw/official_statistics/人口抽样调查样本数据_年度数据.xlsx,该数据为人口抽样调查样本数据，适合观察年龄结构占比变化，不代表全国实际人口规模。
2022,15-29岁,238229,1443996,0.1649789889,人,人口抽样调查样本数据,人口抽样调查样本数据_年度数据.xlsx,data/raw/official_statistics/人口抽样调查样本数据_年度数据.xlsx,该数据为人口抽样调查样本数据，适合观察年龄结构占比变化，不代表全国实际人口规模。
2022,20-24岁,73629,1443996,0.05098975343,人,人口抽样调查样本数据,人口抽样调查样本数据_年度数据.xlsx,data/raw/official_statistics/人口抽样调查样本数据_年度数据.xlsx,该数据为人口抽样调查样本数据，适合观察年龄结构占比变化，不代表全国实际人口规模。
2022,20-29岁,158669,1443996,0.1098818833,人,人口抽样调查样本数据,人口抽样调查样本数据_年度数据.xlsx,data/raw/official_statistics/人口抽样调查样本数据_年度数据.xlsx,该数据为人口抽样调查样本数据，适合观察年龄结构占比变化，不代表全国实际人口规模。
2022,25-29岁,85040,1443996,0.0588921299,人,人口抽样调查样本数据,人口抽样调查样本数据_年度数据.xlsx,data/raw/official_statistics/人口抽样调查样本数据_年度数据.xlsx,该数据为人口抽样调查样本数据，适合观察年龄结构占比变化，不代表全国实际人口规模。
2022,30-34岁,116755,1443996,0.08085548713,人,人口抽样调查样本数据,人口抽样调查样本数据_年度数据.xlsx,data/raw/official_statistics/人口抽样调查样本数据_年度数据.xlsx,该数据为人口抽样调查样本数据，适合观察年龄结构占比变化，不代表全国实际人口规模。
2022,35-39岁,109832,1443996,0.07606115252,人,人口抽样调查样本数据,人口抽样调查样本数据_年度数据.xlsx,data/raw/official_statistics/人口抽样调查样本数据_年度数据.xlsx,该数据为人口抽样调查样本数据，适合观察年龄结构占比变化，不代表全国实际人口规模。
2022,40-44岁,98379,1443996,0.06812969011,人,人口抽样调查样本数据,人口抽样调查样本数据_年度数据.xlsx,data/raw/official_statistics/人口抽样调查样本数据_年度数据.xlsx,该数据为人口抽样调查样本数据，适合观察年龄结构占比变化，不代表全国实际人口规模。
2022,45-49岁,103955,1443996,0.07199119665,人,人口抽样调查样本数据,人口抽样调查样本数据_年度数据.xlsx,data/raw/official_statistics/人口抽样调查样本数据_年度数据.xlsx,该数据为人口抽样调查样本数据，适合观察年龄结构占比变化，不代表全国实际人口规模。
2022,50-54岁,127635,1443996,0.08839013404,人,人口抽样调查样本数据,人口抽样调查样本数据_年度数据.xlsx,data/raw/official_statistics/人口抽样调查样本数据_年度数据.xlsx,该数据为人口抽样调查样本数据，适合观察年龄结构占比变化，不代表全国实际人口规模。
2022,55-59岁,117482,1443996,0.08135895113,人,人口抽样调查样本数据,人口抽样调查样本数据_年度数据.xlsx,data/raw/official_statistics/人口抽样调查样本数据_年度数据.xlsx,该数据为人口抽样调查样本数据，适合观察年龄结构占比变化，不代表全国实际人口规模。
2022,60-64岁,71964,1443996,0.04983670315,人,人口抽样调查样本数据,人口抽样调查样本数据_年度数据.xlsx,data/raw/official_statistics/人口抽样调查样本数据_年度数据.xlsx,该数据为人口抽样调查样本数据，适合观察年龄结构占比变化，不代表全国实际人口规模。
2022,65-69岁,79964,1443996,0.0553768847,人,人口抽样调查样本数据,人口抽样调查样本数据_年度数据.xlsx,data/raw/official_statistics/人口抽样调查样本数据_年度数据.xlsx,该数据为人口抽样调查样本数据，适合观察年龄结构占比变化，不代表全国实际人口规模。
2022,70-74岁,58782,1443996,0.040707869,人,人口抽样调查样本数据,人口抽样调查样本数据_年度数据.xlsx,data/raw/official_statistics/人口抽样调查样本数据_年度数据.xlsx,该数据为人口抽样调查样本数据，适合观察年龄结构占比变化，不代表全国实际人口规模。
2022,75-79岁,35928,1443996,0.02488095535,人,人口抽样调查样本数据,人口抽样调查样本数据_年度数据.xlsx,data/raw/official_statistics/人口抽样调查样本数据_年度数据.xlsx,该数据为人口抽样调查样本数据，适合观察年龄结构占比变化，不代表全国实际人口规模。
2022,80-84岁,22434,1443996,0.01553605412,人,人口抽样调查样本数据,人口抽样调查样本数据_年度数据.xlsx,data/raw/official_statistics/人口抽样调查样本数据_年度数据.xlsx,该数据为人口抽样调查样本数据，适合观察年龄结构占比变化，不代表全国实际人口规模。
2022,85-89岁,12542,1443996,0.008685619628,人,人口抽样调查样本数据,人口抽样调查样本数据_年度数据.xlsx,data/raw/official_statistics/人口抽样调查样本数据_年度数据.xlsx,该数据为人口抽样调查样本数据，适合观察年龄结构占比变化，不代表全国实际人口规模。
2022,90-94岁,4297,1443996,0.002975770016,人,人口抽样调查样本数据,人口抽样调查样本数据_年度数据.xlsx,data/raw/official_statistics/人口抽样调查样本数据_年度数据.xlsx,该数据为人口抽样调查样本数据，适合观察年龄结构占比变化，不代表全国实际人口规模。
2022,95岁以上,929,1443996,0.0006433535827,人,人口抽样调查样本数据,人口抽样调查样本数据_年度数据.xlsx,data/raw/official_statistics/人口抽样调查样本数据_年度数据.xlsx,该数据为人口抽样调查样本数据，适合观察年龄结构占比变化，不代表全国实际人口规模。
2023,0-4岁,57537,1482230,0.03881786228,人,人口抽样调查样本数据,人口抽样调查样本数据_年度数据.xlsx,data/raw/official_statistics/人口抽样调查样本数据_年度数据.xlsx,该数据为人口抽样调查样本数据，适合观察年龄结构占比变化，不代表全国实际人口规模。
2023,5-9岁,90498,1482230,0.06105530181,人,人口抽样调查样本数据,人口抽样调查样本数据_年度数据.xlsx,data/raw/official_statistics/人口抽样调查样本数据_年度数据.xlsx,该数据为人口抽样调查样本数据，适合观察年龄结构占比变化，不代表全国实际人口规模。
2023,10-14岁,94775,1482230,0.0639408189,人,人口抽样调查样本数据,人口抽样调查样本数据_年度数据.xlsx,data/raw/official_statistics/人口抽样调查样本数据_年度数据.xlsx,该数据为人口抽样调查样本数据，适合观察年龄结构占比变化，不代表全国实际人口规模。
2023,15-19岁,85813,1482230,0.05789452379,人,人口抽样调查样本数据,人口抽样调查样本数据_年度数据.xlsx,data/raw/official_statistics/人口抽样调查样本数据_年度数据.xlsx,该数据为人口抽样调查样本数据，适合观察年龄结构占比变化，不代表全国实际人口规模。
2023,15-29岁,243867,1482230,0.1645270977,人,人口抽样调查样本数据,人口抽样调查样本数据_年度数据.xlsx,data/raw/official_statistics/人口抽样调查样本数据_年度数据.xlsx,该数据为人口抽样调查样本数据，适合观察年龄结构占比变化，不代表全国实际人口规模。
2023,20-24岁,73696,1482230,0.04971967913,人,人口抽样调查样本数据,人口抽样调查样本数据_年度数据.xlsx,data/raw/official_statistics/人口抽样调查样本数据_年度数据.xlsx,该数据为人口抽样调查样本数据，适合观察年龄结构占比变化，不代表全国实际人口规模。
2023,20-29岁,158054,1482230,0.1066325739,人,人口抽样调查样本数据,人口抽样调查样本数据_年度数据.xlsx,data/raw/official_statistics/人口抽样调查样本数据_年度数据.xlsx,该数据为人口抽样调查样本数据，适合观察年龄结构占比变化，不代表全国实际人口规模。
2023,25-29岁,84358,1482230,0.05691289476,人,人口抽样调查样本数据,人口抽样调查样本数据_年度数据.xlsx,data/raw/official_statistics/人口抽样调查样本数据_年度数据.xlsx,该数据为人口抽样调查样本数据，适合观察年龄结构占比变化，不代表全国实际人口规模。
2023,30-34岁,113258,1482230,0.07641054357,人,人口抽样调查样本数据,人口抽样调查样本数据_年度数据.xlsx,data/raw/official_statistics/人口抽样调查样本数据_年度数据.xlsx,该数据为人口抽样调查样本数据，适合观察年龄结构占比变化，不代表全国实际人口规模。
2023,35-39岁,118381,1482230,0.07986682229,人,人口抽样调查样本数据,人口抽样调查样本数据_年度数据.xlsx,data/raw/official_statistics/人口抽样调查样本数据_年度数据.xlsx,该数据为人口抽样调查样本数据，适合观察年龄结构占比变化，不代表全国实际人口规模。
2023,40-44岁,101291,1482230,0.06833689778,人,人口抽样调查样本数据,人口抽样调查样本数据_年度数据.xlsx,data/raw/official_statistics/人口抽样调查样本数据_年度数据.xlsx,该数据为人口抽样调查样本数据，适合观察年龄结构占比变化，不代表全国实际人口规模。
2023,45-49岁,102401,1482230,0.06908576942,人,人口抽样调查样本数据,人口抽样调查样本数据_年度数据.xlsx,data/raw/official_statistics/人口抽样调查样本数据_年度数据.xlsx,该数据为人口抽样调查样本数据，适合观察年龄结构占比变化，不代表全国实际人口规模。
2023,50-54岁,126579,1482230,0.08539767782,人,人口抽样调查样本数据,人口抽样调查样本数据_年度数据.xlsx,data/raw/official_statistics/人口抽样调查样本数据_年度数据.xlsx,该数据为人口抽样调查样本数据，适合观察年龄结构占比变化，不代表全国实际人口规模。
2023,55-59岁,120926,1482230,0.08158382977,人,人口抽样调查样本数据,人口抽样调查样本数据_年度数据.xlsx,data/raw/official_statistics/人口抽样调查样本数据_年度数据.xlsx,该数据为人口抽样调查样本数据，适合观察年龄结构占比变化，不代表全国实际人口规模。
2023,60-64岁,84465,1482230,0.05698508329,人,人口抽样调查样本数据,人口抽样调查样本数据_年度数据.xlsx,data/raw/official_statistics/人口抽样调查样本数据_年度数据.xlsx,该数据为人口抽样调查样本数据，适合观察年龄结构占比变化，不代表全国实际人口规模。
2023,65-69岁,81497,1482230,0.05498269499,人,人口抽样调查样本数据,人口抽样调查样本数据_年度数据.xlsx,data/raw/official_statistics/人口抽样调查样本数据_年度数据.xlsx,该数据为人口抽样调查样本数据，适合观察年龄结构占比变化，不代表全国实际人口规模。
2023,70-74岁,64545,1482230,0.04354587345,人,人口抽样调查样本数据,人口抽样调查样本数据_年度数据.xlsx,data/raw/official_statistics/人口抽样调查样本数据_年度数据.xlsx,该数据为人口抽样调查样本数据，适合观察年龄结构占比变化，不代表全国实际人口规模。
2023,75-79岁,39405,1482230,0.02658494296,人,人口抽样调查样本数据,人口抽样调查样本数据_年度数据.xlsx,data/raw/official_statistics/人口抽样调查样本数据_年度数据.xlsx,该数据为人口抽样调查样本数据，适合观察年龄结构占比变化，不代表全国实际人口规模。
2023,80-84岁,23524,1482230,0.01587068134,人,人口抽样调查样本数据,人口抽样调查样本数据_年度数据.xlsx,data/raw/official_statistics/人口抽样调查样本数据_年度数据.xlsx,该数据为人口抽样调查样本数据，适合观察年龄结构占比变化，不代表全国实际人口规模。
2023,85-89岁,13443,1482230,0.009069442664,人,人口抽样调查样本数据,人口抽样调查样本数据_年度数据.xlsx,data/raw/official_statistics/人口抽样调查样本数据_年度数据.xlsx,该数据为人口抽样调查样本数据，适合观察年龄结构占比变化，不代表全国实际人口规模。
2023,90-94岁,4885,1482230,0.003295709843,人,人口抽样调查样本数据,人口抽样调查样本数据_年度数据.xlsx,data/raw/official_statistics/人口抽样调查样本数据_年度数据.xlsx,该数据为人口抽样调查样本数据，适合观察年龄结构占比变化，不代表全国实际人口规模。
2023,95岁以上,953,1482230,0.0006429501494,人,人口抽样调查样本数据,人口抽样调查样本数据_年度数据.xlsx,data/raw/official_statistics/人口抽样调查样本数据_年度数据.xlsx,该数据为人口抽样调查样本数据，适合观察年龄结构占比变化，不代表全国实际人口规模。
2024,0-4岁,51295,1447437,0.03543850268,人,人口抽样调查样本数据,人口抽样调查样本数据_年度数据.xlsx,data/raw/official_statistics/人口抽样调查样本数据_年度数据.xlsx,该数据为人口抽样调查样本数据，适合观察年龄结构占比变化，不代表全国实际人口规模。
2024,5-9岁,83685,1447437,0.05781598785,人,人口抽样调查样本数据,人口抽样调查样本数据_年度数据.xlsx,data/raw/official_statistics/人口抽样调查样本数据_年度数据.xlsx,该数据为人口抽样调查样本数据，适合观察年龄结构占比变化，不代表全国实际人口规模。
2024,10-14岁,93925,1447437,0.06489056173,人,人口抽样调查样本数据,人口抽样调查样本数据_年度数据.xlsx,data/raw/official_statistics/人口抽样调查样本数据_年度数据.xlsx,该数据为人口抽样调查样本数据，适合观察年龄结构占比变化，不代表全国实际人口规模。
2024,15-19岁,85925,1447437,0.05936355088,人,人口抽样调查样本数据,人口抽样调查样本数据_年度数据.xlsx,data/raw/official_statistics/人口抽样调查样本数据_年度数据.xlsx,该数据为人口抽样调查样本数据，适合观察年龄结构占比变化，不代表全国实际人口规模。
2024,15-29岁,238874,1447437,0.1650323986,人,人口抽样调查样本数据,人口抽样调查样本数据_年度数据.xlsx,data/raw/official_statistics/人口抽样调查样本数据_年度数据.xlsx,该数据为人口抽样调查样本数据，适合观察年龄结构占比变化，不代表全国实际人口规模。
2024,20-24岁,73422,1447437,0.05072552381,人,人口抽样调查样本数据,人口抽样调查样本数据_年度数据.xlsx,data/raw/official_statistics/人口抽样调查样本数据_年度数据.xlsx,该数据为人口抽样调查样本数据，适合观察年龄结构占比变化，不代表全国实际人口规模。
2024,20-29岁,152949,1447437,0.1056688478,人,人口抽样调查样本数据,人口抽样调查样本数据_年度数据.xlsx,data/raw/official_statistics/人口抽样调查样本数据_年度数据.xlsx,该数据为人口抽样调查样本数据，适合观察年龄结构占比变化，不代表全国实际人口规模。
2024,25-29岁,79527,1447437,0.05494332396,人,人口抽样调查样本数据,人口抽样调查样本数据_年度数据.xlsx,data/raw/official_statistics/人口抽样调查样本数据_年度数据.xlsx,该数据为人口抽样调查样本数据，适合观察年龄结构占比变化，不代表全国实际人口规模。
2024,30-34岁,101599,1447437,0.07019234689,人,人口抽样调查样本数据,人口抽样调查样本数据_年度数据.xlsx,data/raw/official_statistics/人口抽样调查样本数据_年度数据.xlsx,该数据为人口抽样调查样本数据，适合观察年龄结构占比变化，不代表全国实际人口规模。
2024,35-39岁,122172,1447437,0.08440574616,人,人口抽样调查样本数据,人口抽样调查样本数据_年度数据.xlsx,data/raw/official_statistics/人口抽样调查样本数据_年度数据.xlsx,该数据为人口抽样调查样本数据，适合观察年龄结构占比变化，不代表全国实际人口规模。
2024,40-44岁,99298,1447437,0.06860264039,人,人口抽样调查样本数据,人口抽样调查样本数据_年度数据.xlsx,data/raw/official_statistics/人口抽样调查样本数据_年度数据.xlsx,该数据为人口抽样调查样本数据，适合观察年龄结构占比变化，不代表全国实际人口规模。
2024,45-49岁,97048,1447437,0.06704816859,人,人口抽样调查样本数据,人口抽样调查样本数据_年度数据.xlsx,data/raw/official_statistics/人口抽样调查样本数据_年度数据.xlsx,该数据为人口抽样调查样本数据，适合观察年龄结构占比变化，不代表全国实际人口规模。
2024,50-54岁,120777,1447437,0.08344197364,人,人口抽样调查样本数据,人口抽样调查样本数据_年度数据.xlsx,data/raw/official_statistics/人口抽样调查样本数据_年度数据.xlsx,该数据为人口抽样调查样本数据，适合观察年龄结构占比变化，不代表全国实际人口规模。
2024,55-59岁,119381,1447437,0.08247751025,人,人口抽样调查样本数据,人口抽样调查样本数据_年度数据.xlsx,data/raw/official_statistics/人口抽样调查样本数据_年度数据.xlsx,该数据为人口抽样调查样本数据，适合观察年龄结构占比变化，不代表全国实际人口规模。
2024,60-64岁,92711,1447437,0.06405183783,人,人口抽样调查样本数据,人口抽样调查样本数据_年度数据.xlsx,data/raw/official_statistics/人口抽样调查样本数据_年度数据.xlsx,该数据为人口抽样调查样本数据，适合观察年龄结构占比变化，不代表全国实际人口规模。
2024,65-69岁,74494,1447437,0.05146614326,人,人口抽样调查样本数据,人口抽样调查样本数据_年度数据.xlsx,data/raw/official_statistics/人口抽样调查样本数据_年度数据.xlsx,该数据为人口抽样调查样本数据，适合观察年龄结构占比变化，不代表全国实际人口规模。
2024,70-74岁,66801,1447437,0.04615123145,人,人口抽样调查样本数据,人口抽样调查样本数据_年度数据.xlsx,data/raw/official_statistics/人口抽样调查样本数据_年度数据.xlsx,该数据为人口抽样调查样本数据，适合观察年龄结构占比变化，不代表全国实际人口规模。
2024,75-79岁,41697,1447437,0.02880747141,人,人口抽样调查样本数据,人口抽样调查样本数据_年度数据.xlsx,data/raw/official_statistics/人口抽样调查样本数据_年度数据.xlsx,该数据为人口抽样调查样本数据，适合观察年龄结构占比变化，不代表全国实际人口规模。
2024,80-84岁,24282,1447437,0.01677585967,人,人口抽样调查样本数据,人口抽样调查样本数据_年度数据.xlsx,data/raw/official_statistics/人口抽样调查样本数据_年度数据.xlsx,该数据为人口抽样调查样本数据，适合观察年龄结构占比变化，不代表全国实际人口规模。
2024,85-89岁,13336,1447437,0.009213527083,人,人口抽样调查样本数据,人口抽样调查样本数据_年度数据.xlsx,data/raw/official_statistics/人口抽样调查样本数据_年度数据.xlsx,该数据为人口抽样调查样本数据，适合观察年龄结构占比变化，不代表全国实际人口规模。
2024,90-94岁,4999,1447437,0.003453690903,人,人口抽样调查样本数据,人口抽样调查样本数据_年度数据.xlsx,data/raw/official_statistics/人口抽样调查样本数据_年度数据.xlsx,该数据为人口抽样调查样本数据，适合观察年龄结构占比变化，不代表全国实际人口规模。
2024,95岁以上,1062,1447437,0.00073371069,人,人口抽样调查样本数据,人口抽样调查样本数据_年度数据.xlsx,data/raw/official_statistics/人口抽样调查样本数据_年度数据.xlsx,该数据为人口抽样调查样本数据，适合观察年龄结构占比变化，不代表全国实际人口规模。
